miaka,years (m/mi)
30,30
tupac,tupac
shakur,Shakur
maswali,questions
yasiyo,they which are not (jma/ma)
majibu,answers
kupigwa,beaten
kuuawa,to be killed
yanaendelea,are ongoing
kuvutia,interesting
umakini,attention
wa,of
"umma.

kesi","public.

case"
imerejea,it's back
vichwa,heads
vya,of
aliyewahi,who ever
kushtakiwa,charged
chake,his
"ikianza.

dwayne","starting.

dwayne"
davis,davis
mitaani,on the street
ambaye,who
ana,he has
63,63
anakabiliwa,he is facing
shtaka,accusation
kutumia,to use
amekana,he has denied
"mashtaka.

hashutumiwi","charges.

he is not accused"
kumuua,to kill him
waendesha,drivers
wanasema,they say
alitoa,he gave
iliyotumika,used
kumpiga,beat him
alikuwa,he was
wengi,many
wanaamini,they believe
mmoja,one
watu,persons (m/wa) / people
wenye,have
mkubwa,"big (adj. cl. 1, 3, 11)"
hiphop,hiphop
alizaliwa,was born
new,new
york,york
1971,1971
alichukua,he took
kutoka,from
waasi,rebels
amerika,America
amaru,solid
ii,ii
kutoa,give
"1991.

anabaki","1991.

he remains"
kuwa,to be
wasanii,artists
wanaouzwa,sold
75,75
zake,his
zikiuzwa,being sold
duniani,in the world
"kote.

miongoni","around.

among"
mwa,of
kulikuwa,there was
ghetto,ghetto
gospel,gospel
uliotolewa,provided
2004,2004
aliingizwa,he was admitted
rock,rock
and,and
roll,roll
"2017.

mbali","2017.

away"
alifanikiwa,he succeeded
uigizaji,acting
akiigiza,acting
the,the
essence,essence
poetic,poetic
justice,justice
above,above
edge,edge
dead,dead
end,end
gang,gang
related,related
aliyeanguka,who fell
amekufa,"died, he (just now) (v.)"
manchester,Manchester
city,city
kufikia,reach
inayotakiwa,required
chelsea,Chelsea
enzo,cause
fernandez,fernandez
wakitaka,if they want
22,22
reds,reds
argentina,Argentina
brighton,brighton
zimefanya,have done
mapya,new ones
gambia,Gambia
yankuba,yankuba
minth,min
wakifikiria,thinking
ofa,offer
"teamtalk)

beki","teamtalk)

defender"
barcelona,Barcelona
uhispania,Spain
alejandro,alejandro
balde,balde
amempa,has given him
jorge,George
mendes,bugs
kujadili,discuss
kwenda,to go (v. inf.)
united,united
sport,sports
kusitisha,to finish
iran,Iran
yamezidi,have exceeded
magumu,difficult
kumaliza,to finish
nchini,in the country
pakistan,Pakistan
kumalizika,ended
"makubaliano.

jeshi","agreement

army"
lilisema,it said
litaanza,it will start
kuzuia,prevent (v. inf.)
zinazoondoka,leaving
tehran,tehran
ikitishia,threatening
kulipiza,pay off
mataifa,nations
majirani,neighbours
"ghuba.

wairan","bay.

Iran"
wanafuatilia,they follow
matukio,events
yanayoendelea,ongoing
wakihofia,fearing
kuzuka,to appear / to emerge
"uhasama.

""kwa","hostility.

""to"
nilifikiri,I thought
wangefikia,they would reach
alisema,he said
mwenye,"1. owner (m/wa) 2. having, owning (possesive cl. 1, 3, 11)"
20,20
karaj,karaj
lililo,what is
"tehran.

""nahisi","tehran.

""I feel"
vitaanza,will begin
ijayo,ahead (in the future)
"aliongeza.

ndani","he added.

inside"
imekatiza,interrupted
intaneti,internet
kufanya,to do
kuwasiliana,communicate
"nchi.

mamlaka","the country.

authority"
hutoa,provides
sababi,the reason
kulinda,to guard (v. inf.)
kuhalalisha,to justify
ufikiaji,access
"mtandao.

bbc","internet.

bbc"
kiajemi,persian
imezungumza,has spoken
wairani,Iranians
ambao,who
wote,all of them
wanapinga,they oppose
hayawakilishi,they do not represent
nzima,"complete (adj. cl. 9, 10)"
a kisasa,modern (adj.)
a kitaifa,national (adj.)
a kupendeza,pleasing (adj.)
a mwanzo,preliminary (adj.)
a mwitu,wild (adj.)
acha,leave
ada ya posta,postage (n/n)
ajili,"sake, account (n/n)"
akili timamu,sanity (n/n)
alikufa,"died, he (some time ago) (v.)"
almradi,as long as (conj.)
ama sivyo,otherwise (if not) (conj.)
antena,antenna (radio/telephone) (n/n)
arabuni,Arabia
asidi,acid (n/n)
asilan,never (adv.)
asilani,never (adv.)
asili ya,native (adj.)
athiri,"1. to affect, to influence (v. stem) 2. To Make a deep impression, to strike (v. stem)"
azma,purpose (n/n)
baadaye,later (adv.)
baadhi ya watu,some eg. people
bafu,shower (ji/ma)
bamia,okra (ji/ma)
bandia,imitation (n/n) false (adj.)
bara hindi,India (u/u )
bariki,bless
bikari,compass (geometrical drawing) (n/n)
bila sauti,soundless (adv.)
bila shaka,certainly (adv.)
bora kuliko,better than
chachu,yeast (n/n)
chandalua,mosquito net (ki/vi)
changamani,complex (adj.)
cheka,laugh
chemchemi,spring (water)
cherehani,sewing machine (ki/vi)
chini,down
chizi,cheese (n/n)
choka,be tired
chukua,carry
chupi,underwear (n/n)
dagaa,"small fish/es, anchovy/ies (n/n)"
daktari,doctor (ji/ma)
darasani,in the classroom
dereva,driver
dhahiri (wazi),obvious (adj.)
dharura,emergency (n/n)
dhuru,harm
dira,compass (directional) (n/n)
doa,spot (ji/ma)
duma,Cheetah (n/n)
elea,float
elewa,understand
eleza,explain
endapo,"in case, in the event that (conj.)"
endelea,"continue, progress"
enye adabu,be polite (v. stem)
eksirei,XRay (n/n)
fahamika,be understood (v. stem)
familia,family (n/n)
fanana,"be similar, resemble"
faru,rhino (informal) (n/n)
filamu,film (motion picture) (n/n)
fuata,follow
foleni,queue (n/n)
fumbua,"to figure out a puzzle, riddle, mystery"
fundisha,teach
funga,"close, fasten"
furaha,joy (n/n)
garimoshi,train (ji/ma)
geregi,garage (ji/ma)
guni,free verse (n/n)
gunzi,cob (maize) (ji/ma)
hali ya mambo,circumstances (n/n)
haina sauti,"no sound, there is"
haiwezikani,"impossible, it is (v.)"
hakuna kitu,"nothing, there is"
hakuna matata,No problem
hamia,"emigrate, move to"
hamna nafasi,no vacancies
hakuna,there is not
haswa,especially (adv.)
hesabu,bill (n/n)
hili,this/these (demonst. cl. 5)
hisabati,mathematics (n/n)
hitaji,"need, require"
hodhi,tank (water) (n/n)
hodi hodi,Knock knock!
hongera!,congratulations!
humu,"herein, in here (demonst. cl. 18)"
idhaa,channel (TV/radio) (n/n)
iko wapi,where is (a person)
ile,that (demonst. cl. 4)
ilikuwa,it was (v.)
imba,sing
imefungua,"open (eg. door), it is (v.)"
inashida gani?,what is wrong?
inategemea,it depends (v.)
injika,to put on stove
injini,engine (n/n)
isipokuwa,except (conjunc.)
isiyokoma,infinite (math)
itika,"respond, affirm, answer a call"
jambo,issue (ji/ma)
jamii,community/communities (n/n)
jarida,journal (ji/ma)
jawabu,answer (math) (ji/ma)
je,"used in asking a question; can be glossed as ""what about?"""
jenga,build
jinai,crime (n/n)
jinsi,"nature, method, manner (n/n)"
jogoo,cock (male chicken) (ji/ma)
jumba la makumbusho,museum (ji/ma)
jumla,"total, sum"
juu ya hayo,moreover
kabisa,"completely, absolutely"
"kali, hali ngumu",severe (adj.)
kando (ya),edge (of)
kanuni,"rule, principle, guideline"
karafuu,cloves (n/n)
karamu,feast (n/n)
karibu na,"near, close (adv.)"
karibu watu wote,most people
kasisi,priest (ji/ma)
kaskazini,North (n/n)
kata,cut! (imperative)
kati,centre (n/n)
katikati,"middle, center, among, between (prep.)"
katikati ya,amongst (prep.)
katili,"cruel, brutal, vicious"
katoliki,catholic (adj.)
kiasi gani,how much (ki/vi)
kibanda,hut (ki/vi)
kibluu,blue (adj. class 7)
kiboko,hippopotamus
kidato,form/class (school) (ki/vi)
kifaru,rhinoceros
kifungo,button
kifurushi,"parcel, package (ki/vi)"
kiini,"core, nucleus (ki/vi)"
kikasili,myth (ki/vi) (?)
kikonyo,stem (ki/vi) (?)
kila siku,every day (adj.)
kilomita,kilometer (n/n)
kima,"1. monkey (n/n) 2. amount, rate (ki/vi)"
kinaganaga,explicitly (adv.)
kipapasio,antenna (insect) (ki/vi) ?
kipawa,talent (ki/vi)
kipingamizi,"objection, obstacle (ki/vi)"
kirazini,rational (adj. class 7)
kisa,"story, narrative (ki/vi)"
kisawe,synonym (ki/vi)
kiswahili,Swahili (ki )
kichanuo,comb (ki/vi)
kito,jewels (ki/vi)
kitu (moja),something (ki/vi)
kitu cho chote,anything (ki/vi)
kizingo,curve (bend) (ki/vi)
kizuizi,obstacle (ki/vi)
kusogea,to move (v. inf.)
kua,"grow, grow up"
kuacha,"abandon, drop (v. inf.)"
kuadhibu,"to punish, torment (v. inf.)"
kuaga,to say good bye (v. inf.)
kuahirisha,to postpone (v. inf.) (causative)
kualika,"1. To Invite, call; 2. to explode; 3. to snap; 4. to splash (v. inf.)"
kuambatisha,to attach (v. inf.) (causative)
kuamini,to believe (v. inf.)
kuamsha,to awaken (someone) (v. inf.) (causative)
kuamua,to decide (v. inf.)
kuanguka,"to fall, fail (v. inf.) (stative)"
kuanika,to dry in the sun (v. inf.)
kuanza,"to begin, originate (v. inf.)"
kuarifu,to inform (v. inf.)
kuasi,to rebel (v. inf.)
kuazima,to lend (v. inf.)
kubadilishana,to exchange (v. inf.) (reciprocal)
kubaki,to remain (v. inf.)
kubali,"agree, accept"
kubana,to compress (v. inf.)
kubatilisha,to annul (v. inf.)
kubatiza,to christen (v. inf.)
kubeba,to carry (v. inf.)
kuboresha,to improve (v. inf.)
kubuni,to invent (v. inf.)
kuburudisha,"to refresh, to entertain (v. inf.)"
kubusu,to kiss (v. inf.)
kuchanganya,to blend (v. inf.)
kuchekelea,to smile (v. inf.)
kuchepuka,to swerve (v. inf.) ?
kuchimba,to dig (v. inf.)
kuchonga,to sharpen (v. inf.)
kuchora,"to design, draw plans (v. inf.)"
kuchungulia,"to examine carefully, look at (v. inf.)"
kudakiza,to interrupt (v. inf.) (causative)
kudanganya,to cheat (v. inf.)
kudharau,to despise (v. inf.)
kuegemea,"to lean (toward, on) (v. inf.) (passive)"
kuegesha,to park (v. inf.) (causative)
kuelea,1. To Float (v. inf.) 2. to be Clear (v. inf.)
kuelekea,"to head toward, be probable (v. inf.) (passive)"
kuelewa,to understand (v. inf.)
kuelezea,"to describe, clarify (v. inf.)"
kuelimisha,to educate (v. inf.) (causative)
kuendelea kuishi,to survive (v. inf.)
kuendelea,"to carry on, to continue (v. inf.)"
kuendeleza,"to extend, magnify, spell a word (v. inf.) (applicative)"
kuendesha,to drive (v. inf.) (causative)
kueneza,to spread (v. inf.)
kuenye,having (v. inf.)
kuerevu,to be smart (v. inf.)
kufaa,"to suit, be useful (v. inf.)"
kufagia,to brush (v. inf.)
kufanana,to resemble (v. inf.)
kufanana na,to look like (v. inf.)
kufanikiwa,to succeed in life (v. inf.)
kufunua,to reveal (v. inf.)
kufanya kazi,to do work (v.)
kukama,"to squeeze, to milk (v. inf.)"
kufanyiza,to generate (v. inf.) (causative)
kufariki,to die (v. inf.)
kufasili,"to define, annotate, tailor (v. inf.)"
kufaulu,"to succeed, reach a goal, pass an exam (v. inf.)"
kuficha,"to hide, bury (v. inf.)"
kufika,to arrive (v. inf.)
kufikicha,"to rub, crumble, break up (v. inf.)"
kufikiria,to consider (think over) (v. inf.) (prepositional)
kufua,to wash (clothes) (v. inf.)
kufuata,to follow (v. inf.)
kufuatana na,according to (v. inf.) (associative)
kufuga,"to keep livestock, domesticate, tame (v. inf.)"
kufuma,"to knit, weave (v. inf.)"
kufumua,to unravel (v. inf.) (converse)
kufundisha,to instruct (v. inf.) (causative)
kufungia,to wrap (v. inf.) (prepositional) ?
kufunika,to cover (v. inf.)
kufupisha,"to compress, shorten, abbreviate (v. inf.)"
kufurahia,to enjoy (v. inf.) (prepositional)
kufurusha,"to drive away, scare off (v. inf.) (causative)"
kuganda,to freeze
kugawa,to divide (v. inf.)
kugawanyika,"to be shared, divided up, fragmented (v. inf.) (stative)"
kugeuza,"to change, modify, bring around, reverse (v. inf.)"
kugombana,to quarrel (v. inf.) (reciprocal)
kugonga,"to bump, knock, crash (v. inf.)"
kugongana,to collide (v. inf.) (reciprocal)
kugundua,to detect (v. inf.)
kugusa,to touch (v. inf.)
kuhadhari,to take caution (v. inf.)
kuhakikisha,"to ensure, assure, certify (v. inf.) (causative)"
kuhamisha,to transfer (v. inf.) (causative)
kuharibifu,to ruin (v. inf.)
kuhariri,to edit (v. inf.)
kuhatarisha,to imperil (v. inf.) (causative)
kuhesabu,to add (count) (v. inf.)
kuhifadhi,"to preserve, protect, memorize (v. inf.)"
kuhubiri,"to preach, to report (v. inf.)"
kuhudumia,to serve (v. inf.) (applicative)
kuhukumu,to judge (v. inf.)
kuhuluku,to create (v. inf.)
"kuhusu, juu ya",about (concerning) (v. inf.)
kuhutubia,"to lecture, preach (v. inf.) (applicative)"
kuhuzunika,"to be sad, grieved (v. inf.) (stative)"
kuiba,"to steal, rob (v. inf.)"
kuimarika,to be stable (v. inf.) (stative)
kuimarisha,to afix (v. inf.) (causative)
kuinama,"to lean, tilt (v. inf.)"
kuingia,"to come in, to join (v. inf.)"
kuinua,to lift (v. inf.)
kuiva,to ripen (v. inf.)
kujaa,"to fill, to be full (v. inf.)"
kujali,"to take care, to worry (v. inf.)"
kujalia,"to grant, empower (v. inf.) (prepositional)"
kujaza upepo,to inflate (v. inf.)
kujenga,to build (v. inf.)
kujiamini,to have selfconfidence (v. inf.) (reflexive)
kujieleza,to express oneself (v. inf.) (reflexive)
kujifanya,to pretend (v. inf.) (reflexive)
kujifungua,to give birth (v. inf.) (reflexive)
kujifunza,to learn (v. inf.) (reflexive)
kujiongoza,be selfdisciplined (v. inf.) (reflexive)
kujisifu,to boast (v. inf.) (reflexive)
kujitolea,to volunteer (v. inf.) (reflexive)
kujiunga,to join (with) (v. inf.) (reflexive)
kukaba,"to strangle, squeeze (v. inf.)"
kukamata,to arrest (v. inf.)
kukamata kisheria,to impound (v. inf.)
kukana,"to deny, disown (v. inf.)"
kukarabati,to renovate (v. inf.)
kukaribisha,"to invite, make welcome (v. inf.) (causative)"
kukasirika,to be angry (v. inf.)
kukata,to cut (v. inf.)
kukata tamaa,to despair (v. inf.)
kukataza,to forbid (v. inf.) (causative)
kukausha,to dry (off something) (v. inf.) (causative)
kukaza,to tighten (v. inf.)
kukimbia,to run (v. inf.)
kukisi,to presume (v. inf.)
kukisia,to guess (v. inf.) (applicative)
kukodisha,to rent (v. inf.) (causative)
kukokotoa,to calculate (v. inf.)
kukoma,to cease (v. inf.)
kukopa,to borrow (v. inf.)
kukopesha,to lend (v. inf.) (causative)
kukoroga,to stir (v. inf.)
kukosa,to err (v. inf.)
kukosea,to make a mistake (v. inf.)
kukua,"to grow, mature (v. inf.)"
kukumbusha,to remind (v. inf.) (causative)
kukuna,to scratch (v. inf.)
kukunja,to fold (v. inf.)
kukunjua,to unfold (v. inf.) (converse)
kukusanya,to collect (v. inf.)
kukusudia,to intend (v. inf.)
kukutana na,to meet (v. inf.) (reciprocal)
kukwaa,to stumble (v. inf.)
kula,to eat (v. inf.)
kulala fofofo,to sleep like a log (v. inf.)
kulala usingizi,to go to sleep (v. inf.)
kulalamika,to complain (v. inf.)
kulazimika,to be compelled (v. inf.) (stative)
kulazimisha,to compel (v. inf.) (causative)
kulazimishwa,to be compelled (v. inf.) (passive)
kuleta,to bring (v. inf.)
kulia chozi,tear (weep) (v. inf.)
kulima,to cultivate (v. inf.)
kulingana na,in comparison with (v. inf.) (reciprocal)
kulinganisha,to compare (v. inf.) (causative)
kulisha,to feed (v. inf.) (causative)
kulowa,to be soaked (v. inf.)
kumbuka,remember
kumeza,to swallow
kumiliki,to own (v. inf.)
kumwaga,"to pour out, spill (v. inf.)"
kuna,there is/are (v. inf.)
kunakili,"to copy, transcribe (v. inf.)"
kunawa,"to wash (hands, body) (v. inf.)"
kungoja,to wait (v. inf.)
kungojea,to wait for (v. inf.) (prepositional)
kunoa,to sharpen (blade)
kunuka,to smell bad (v. inf.)
kunukia,to smell good (v. inf.) (converse)
kunusa,"to smell, sniff (v. inf.)"
kunya,"1. to defecate, urinate (v. inf.) 2. To rain (v. inf.)"
kunyamaza,to be quiet (v. inf.)
kunyoa,to shave (v. inf.)
kunyunyizia,to spray (v. inf.) (applicative)
kunywa,to drink (v. inf.)
kuoa,to marry (man) (v. inf.)
kuogelea,to swim (v. inf.) (applicative)
kuogopa,to be afraid (v. inf.)
kuogofya,to frighten (v. inf.) (converse)
kunong'ona,to whisper (v. inf.)
kuokota,"to come across, to pick up, to fetch (things)"
kuolewa,to marry (woman) (v. inf.) (passive)
kuomboradhi,to apologize (v. inf.)
kuona shaka,to doubt (v. inf.)
kuonekana,to appear (v. inf.) (relative)
kuongoza,to guide (v. inf.)
"kuongoza (gari, boti, ndege)","to navigate (car, boat, plane) (v. inf.)"
kuonja,to taste (v. inf.)
kuonya,to warn (v. inf.)
kuonyesha,"to point out, display (v. inf.)"
kuota,to dream (v. inf.)
kuoza,1. to rot (v. inf.) 2. to marry someone off (v. inf.) (causative)
kupakua,to unload (v. inf.) (converse)
kupalilia,"to cultivate, to weed (v. inf.)"
kupamba,to decorate (v. inf.)
kupanga,to arrange (v. inf.)
kupanga meza,to set table (v. inf.)
kupangusa,to dust (do dusting) (v. inf.)
kupasua,"to tear, split open, crack (v. inf.)"
kurarua,"to rip, tear apart (v. inf.)"
kupeleka,"to convey, deliver (v. inf.)"
kupendekeza,to recommend (v. inf.)
kupendelea,to prefer (v. inf.)
kupendeza,"to attract, to be nice (v. inf.) (causative)"
kupiga,"to hit, beat (v. inf.)"
kupiga deki,to mop (v. inf.)
kupiga kelele,to make noise (v. inf.)
kupiga kengele,to ring a bell (v. inf.)
kupiga kiki,to kickstart (v. inf.)
kupiga magoti,to kneel (v. inf.)
kupiga makofi,to clap (v. inf.)
kupiga mluzi,to blow a whistle (v. inf.)
kupiga mstari,to draw a line (v. inf.)
kupiga pasi nguo,to iron clothes (v. inf.)
kupiga picha,to take a photograph (v. inf.)
kupiga randa,to plane (carpentry) (v. inf.)
kupiga sindano,to give an injection (v. inf.)
kupiga teke,to kick (v. inf.)
kupigana,to fight (v. inf.) (reciprocal)
kupigia simu,to make a phone call (to someone or somewhere) (v. inf.) (prepositional)
kupima,"to examine, test, measure (v. inf.)"
kupinda,"to bend, twist (v. inf.)"
kupindua,"to invert, flip over (v. inf.)"
kupinduka,to be overturned (v. inf.) (passive)
kupita,"to pass (going or walking), to surpass (v. inf.)"
kupoa,"to get cool, feel better (v. inf.)"
kupokea,to receive (v. inf.)
kupona,to recover (v. inf.)
kuponya,to cure (v. inf.)
kupotea,to be lost (v. inf.)
kupoteza,to lose (something) (v. inf.) (causative)
kupunguza mwendo,to decelerate (v. inf.) (causative)
kurefusha,to prolong (v. inf.)
kurekebisha,to adjust (v. inf.)
kuridhisha,to cause to be pleased or content (v. inf.) (causative)
kurudia,"to repeat, come again (v. inf.)"
kurudisha,to return something (v. inf.) (causative)
kuruhusu,to allow (v. inf.)
kuruka,"to fly, jump (v. inf.)"
kurupusha,to startle (someone) (v. inf.) (causative)
kurusha,to throw (v. inf.)
kurushia,"throw at, splash water at (v. inf.) (prepositional)"
kusafiri,travel (v. inf.)
kusafisha,to clean something (v. inf.) (causative)
kusahihisha,to correct (v. inf.) (causative)
kusalimia,to greet (v. inf.) (prepositional)
kusamehe,to forgive (v. inf.)
kusawazisha,to equalize (v. inf.) (causative)
kusema kweli,"to be frank, tell the truth (v. inf.)"
kushangaa,to be surprised (v. inf.)
kushangaza,to cause surprise (v. inf.) (causative)
kushauri,to advise (v. inf.)
kushika,"to hold, take (v. inf.)"
kushinda,"to conquer, to win (v. inf.)"
kushindana,to challenge (v. inf.) (reciprocal)
kushindwa,"to fail, be defeated (v. inf.) (passive)"
kushirikiana,to cooperate with someone (v. inf.) (reciprocal)
kushitaki,to accuse (v. inf.)
kushona,to sew (v. inf.)
kushtaki,to prosecute (v. inf.)
kushtuka,to startle (v. inf.)
kushuka,to come down (v. inf.)
kushukuru,to thank (v. inf.)
kusikia kiu,to be thirsty (v. inf.)
kusikiliza,to listen (v. inf.) (causative)
kusikitisha,to disappoint (v. inf.) (causative)
kusimama,"to halt, to stand (v. inf.)"
kusimamisha,"to stop something, to erect (v. inf.) (causative)"
kusindikiza,to escort (v. inf.) (causative)
kusitawi,to flourish (v. inf.)
kusogeza,to shift (v. inf.) (causative)
kusubiri,to wait (v. inf.)
kusubiria,to wait for (v. inf.) (prepositional)
kusukuma,"to push, encourage (v. inf.)"
kusukuma juu,to boost (v. inf.)
kusumbua,to annoy (v. inf.)
kutafikiri,to ponder (v. inf.)
kutafsiri,to translate (v. inf.)
kutafuna,"to nibble, chew, bite on (v. inf.)"
kutafuta jibu,to solve (v. inf.)
kutakiwa,to be required (v. inf.) (passive)
kutana,meet
kutandika,to spread out (v. inf.) (applicative)
kutandika matakoni,to spank (v. inf.) (applicative)
kutangaza,to announce (v. inf.)
kutangulia,to precede (v. inf.)
kutayarisha,to prepare (v. inf.) (causative)
kutazamia,to expect (v. inf.)
kutegemea,to depend (upon) (v. inf.) (prepositional)
kutegemeza,"to support, to make dependable (v. inf.) (causative)"
kutelemka,"to descend, to slope down (v. inf.)"
kuteleza,"to skid, slide (v. inf.)"
kutembea,to walk (v. inf.)
kutenga,to isolate (v. inf.)
kuthibitisha,"to prove, to confirm (v. inf.)"
kutia waa,to stain (v. inf.)
kutibu,to cure (v. inf.)
kutii,to obey (v. inf.)
kutisha,to threaten (v. inf.)
kutoa damu,to bleed (v. inf.)
kutoa jawabu,to solve (v. inf.)
kutoa rushwa,to bribe (v. inf.)
kutoka damu,to bleed (be bleeding) (v. inf.)
kutokea,to happen (v. inf.) (applicative)
kutokomea,to vanish (v. inf.)
kutoza,to fine (v. inf.)
kutumaini,to hope (v. inf.)
kutundika,"to hang up, suspend (v. inf.)"
kutunga,"to compose (book, music, various other senses) (v. inf.)"
kutunza,"to keep, maintain (v. inf.)"
kuua,"to kill, murder (v. inf.)"
kuuliza,to ask (v. inf.)
kuumia,to injured (be) (v. inf.) (applicative)
kuumwa,to pain feel (v. inf.) (passive)
kuuratibu,to coordinate (v. inf.)
kuvaa,"to put on clothes, wear (v. inf.)"
kuvinjari,"to stroll about, to browse, to loiter (v. inf.)"
kuvua,to undress (v. inf.)
kuvua samaki,to go fishing (v. inf.)
kuvuja,to leak (v. inf.)
kuvuna,to harvest (v. inf.)
kuvunja,"to break, smash (v. inf.)"
kuvuta,"to smoke, pull, attract (v. inf.)"
kuvuta pumzi,to breathe (v. inf.)
kuwa kiziwi,to be deaf (v. inf.)
kuwa na,"to have (""to be with"") (v. inf.)"
kuwa na mimba,to be pregnant (v. inf.)
kuwa na njaa,to be hungry (v. inf.)
kuwahi,"to be punctual, ready (v. inf.)"
kuwaka,to burn (be burning) (v. inf.) (stative)
kuweza,able (to be) (v. inf.)
kuwezekana,to be possible (v. inf.)
kuwia deni,"to owe to, be owed a debt (v. inf.)"
kuwinda,to hunt (v. inf.)
kuyeyuka,"to dissolve, liquefy (v. inf.)"
kuyeyusha,to dissolve into (v. inf.) (causative)
kuzidisha mwendo,to accelerate (v. inf.) (causative)
kuzima,to extinguish (v. inf.)
kuzingira,"to surround, to go around, to be twisted (v. inf.)"
kuzunguka,"to encircle, wander around (v. inf.) (stative)"
kuzurura,"to loiter, wander, waste time (v. inf.)"
kwa hakika,certainly (adv.)
kwa kina,"detailed, deeply (adv.)"
kwa kusudi,intentionally (adv.)
kwa namna fulani,in a (certain) way
kwa sasa,meanwhile (adv.)
kwa upande mwingine,on the other hand (adv.)
pamoja na,with (preposition.)
kwa hiyo,therefore (conjunc.)
kwisha,"to end, complete (v. inf.)"
lango,gate (ji/ma)
leta,bring
liojaa,"full (v. relative, cl. 7)"
maafikiano,agreement (ji/ma)
maalum,"especially, special"
maanake,it's meaning
maandiko,"writing, literature ( ma/ma)"
mabega,shoulders (ji/ma)
machachari,excitement ( ma/ma)
mada,topic (n/n)
maelekezo,instructions (directions) (ji/ma)
mafaa,"benefit, advantage ( ma/ma)"
mafanikio,"success, achievements (ji/ma)"
mafunzo,"instructions, training (ji/ma)"
mafuta ya taa,kerosene ( ma/ma)
mahaba,love ( ma/ma)
mahali fulani,someplace ( ma/ma)
mahitaji,necessities (ji/ma)
majani,leafs (ji/ma)
majeruhi,"victims, wounded people (n/n)"
maji ya kunywa,drinking water ( ma/ma)
majimbo,states (ji/ma)
makaa,"coal, charcoal (ji/ma)"
makao,"headquarters, home ( ma/ma)"
mali,wealth (n/n)
mambo,"1. matters, issues (ji/ma) 2. slang for 'what's up?'"
mango,"solid, milling stone ( ma/ma)"
malizi,"A Crackling, rattling, noise ( ma/ma)"
manufaa,"usefulness, benefit ( ma/ma)"
maonyesho,"show, demonstration ( ma/ma)"
mapenzi,love (ji/ma)
maporomoko ya maji,waterfall ( ma/ma)
mara chache,seldom (n/n)
mara moja,"at once, suddenly (adv.)"
mara ngapi,how many times
mara nyingi,in most cases
marekebisho,repairs (ji/ma)
marudio,"review, reprimand ( ma/ma)"
masahihisho,"revisions, corrections (ji/ma)"
mashindano,competition (ji/ma)
masika,long rainy season (MarchJune)
masikio,ears (ji/ma)
masikitiko,disappointment (ji/ma)
maskani,"abode, dwelling place ( ma/ma)"
maskini,"poor, miserable (adj.)"
matibabu,medical center (u/ma)
matumizi,"use, application ( ma/ma)"
matunda,fruit (pl.) (ji/ma)
maumbile,"nature, natural condition (ji/ma)"
mazishi,"burial, funeral ( ma/ma)"
mazoezi,exercise (ji/ma)
mbali ya,far from (adv.)
mbalimbali,diverse (adj.)
mbaya,"bad (adj. cl. 1, 3, 9, 10)"
mbele,"before, previously, in front (adv.)"
mbele ya,beyond (adv.)
mbeya,one who gossips (m/wa)
mbichi,"fresh (adj. cl. 1, 3)"
mbinu,strategy/ies (n/n)
mbung'o,Tsetse Fly (n/n)
mchache,"few (adj. cl. 1, 3, 11)"
mchezaji,player (m/wa)
mchungu,"bitter (adj. cl. 1, 3)"
mende,cockroach (n/n)
mwepesi,"light, easy (adj. cl. 1, 3, 11)"
mwerevu,"crafty (adj. cl. 1, 3, 11)"
mweupe,"clear (adj. cl. 1, 3, 11)"
mfanya biashara,"merchant, trader, businessperson (m/wa)"
mfuatano,sequence (m/mi)
mfupi,"brief (adj. cl. 1, 3, 11)"
mganga wa mifugo,veterinarian (m/wa)
mhadhara,lecture (m/mi)
mhariri,editor (m/wa)
miwembe,mango trees (m/mi)
mila,"custom, tradition (n )"
miradi,projects (m/mi)
mitihani,"exams, quizzes (m/mi)"
miundo misingi,infrastructure (m/mi)
mizani,"1. balance, scale (m/mi) 2. measure, line of poetry (ni)"
mizigo,baggage (m/mi)
mji mkubwa,city (m/mi)
mjusi,lizard (m/mi)
mkali,"fierce (adj. cl. 1, 3, 11)"
mkalimani,interpreter (m/wa)
mkavu,"dry (adj. cl. 1, 3, 11)"
mkimya,quiet person (m/wa)
mkristo,Christian
mkuukuu,"old (worn out) (adj. cl. 1, 3, 11)"
mkondo,"current, rush"
mlo,meal (m/mi)
mmarekani,an american (m/wa)
mnene,"thick, fat (adj. cl. 1, 3, 11)"
mnyama mwitu,wild animal (m/wa)
mnyama wa kufuga,domestic animal (m/wa)
mpaka sasa,until now (preposition)
mpana,"wide, broad (adj. cl. 1, 3, 11)"
mpofu,"blind (adj. cl. 1, 3, 11)"
mpole,gentle person (m/wa)
mpya,"new (adj. cl. 1, 3, 11)"
mshipa wa damu,"vein, blood vessel (m/mi)"
mshikaki,kebab (m/mi)
msikilizaji,listener (m/wa)
msisimko,"excited feeling, tingling (m/mi)"
mskiti,mosque (m/mi)
mtakatifu,"1. holy person (m/wa) 2. holy (adj. cl. 1, 3, 11)"
mtalii,tourist (m/wa)
mtanzania,a tanzanian (m/wa)
mtu fulani,somebody (m/wa)
mtu mzima,adult (m/wa)
mtukufu,"exalted person, honorable person (m/wa)"
mtumbwi,canoe (m/mi)
mtupu,"empty, naked (adj. cl. 1, 3, 11)"
muda gani,how long ( u)
muhula,"term (school), semester (m/mi)"
muujiza,"mystery, miracle (m/mi)"
mvuke,steam (m/mi)
mwaka ujao,next year (m/mi)
mwamba,rock (m/mi)
mwanaume,man (m/wa)
mwanga wa nyota,starlight (m/mi)
mwangalifu,thoughtful person (m/wa)
mwanzoni,"originally, at first (adv.)"
mwema,"friendly, good, nice (adj. cl. 1, 3, 11)"
mwenye haya,"shy (having modesty) (possesive cl. 1, 3, 11)"
mwenyekiti,chairperson (m/wa)
mwenyewe,1. oneself (m ) 2. owner (m/wa)
mwezi huu,this month (m/mi)
mwezi uliopita,last month (the month which is passed)
mwishoni,"finally, in the end (adv.)"
mwislamu,muslim person (m/wa)
mzima,"healthy (adj. cl. 1, 3, 11)"
mzungu,"European, white person"
nadharia,theory (n/n)
na kadhalika,"etc., and so on (conjunction)"
nambari,number (n/n)
ndiyo,yes
ndogo,"small (adj. cl. 9, 10)"
nenda,go! (v. imperative)
neusi,black (adj. cl. 910)
ngapi?,how much/many? (adj.)
ngumu,"hard (adj. cl. 9, 10)"
nimepotea,I am lost (v.)
nimeshapoa,"It's alright, I'm feeling okay (response to pole) (v.)"
nimesikia,I have heard/am hearing (v.)
nipe,give me (v. imperative)
njegere,peas (n/n)
njoo,come! (v. imperative)
ntulivu,"calm (adj. cl. 9, 10)"
ntupu,"vacant (adj. cl. 9, 10)"
numba tegemezi,function (math) (n/n)
nusuduara,semicircle (n/n)
nyembamba,"narrow (adj. cl. 9, 10)"
nyingine,"other, another (adj. cl. 9, 10)"
nyuma ya,behind (adv.)
nyumbu,"mule, wildebeest (n/n)"
nzi,fly (insect) (n/n)
oksijeni,oxygen (n/n)
ondoka,"go away, leave"
ongoza,lead (v.)
oni,opinion (ji/ma)
operesheni,operation (n/n)
patikana,"to be available, to be obtainable (v. stem) (reciprocal)"
peana,give to one another (v. stem) (reciprocal)
peke,"only, alone (n )"
pendeza,"please, cause to like"
pendo,"act of loving, liking, affection (ji/ma)"
petroli,"petrol, gasoline (n/n)"
pigia simu,"telephone someone, make a call to (v. stem) (prepositional)"
pili,1. second (2nd) (adv.) 2. adder (n/n)
pimwa,be measured
plasta,"plaster, adhesive bandage (n/n)"
poa,"cool (response to ""mambo"", ""vipi"", or ""mambo vipi"")"
pokea,receive
pole,Sorry (condolence)
punda milia,zebra (n/n)
puto,balloon (ji/ma)
risasi,"bullet, casing (n/n)"
rushwa,bribe (n/n)
sabuni ya unga,soap powder (n/n)
safi,"clean, fresh (adj.)"
safu,"line, row, series (n/n)"
samahani,Excuse me
samehe,forgive
sanamu,"idol, statue (n/n)"
sanifu,"proper, skilled, standard (adj.)"
sawa (na),equal (with)
sawa na,alike (adv.)
sema?,What's up? (greeting)
sepetu,shovel (n/n)
shaba (nyekundu),copper (n/n)
shabaha,"aim, objective (n/n)"
shairi,poem (ji/ma)
shuka,sheet
sigara,cigarette (n/n)
sikitisha,to cause sorrow (v. stem)
siku fulani,someday (n/n)
siku gani,which day (n/n)
siku hizi,nowadays (n/n)
sikuzote,always (adv.)
simulia,to narrate
siyo na uzito,weightless (without weight)
siyo sahihi,inexact (not accurate)
siyopenya maji,waterproof (not penetrated by water)
siyopitisha maji,watertight (not allowing water to pass)
siyowezekana,impossible
sisi sote,all of us (pronoun)
siwezi,"I am not able, I can't (v.)"
stempu,(postage) stamp (n/n)
tabaka,"social class, layer, stratum (ji/ma)"
tafadhali,please
tahadhari,"caution, precaution (n/n)"
taja,"mention, name"
takwimu,statistic/s (n/n)
tarakimu,"figure, digit, numeral (n/n)"
taratibu,"1. carefully (adv.) 2. organization, structure (n/n)"
tawala,"rule, govern"
tega,set a trap
tembea,walk
tenda,"act, do"
tetemeko,"earthquake, tremor, shaking (ji/ma)"
tiba,medical treatment (n/n)
tiketi,ticket (n/n)
tikiti,watermelon (ji/ma)
timu,team (n/n)
kitisho,threat (ki/vi)
toka!,get out! (imperative)
tosha,"suffice, be sufficient"
towe,potter's clay (n/n)
tukana,to abuse
tuma,send
tumbo la kuhara,diarrhoea (ji/ma)
tumia,"use, utilize"
tunga,compose
ubalozi,embassy (u/u )
ubaya,badness (u/ma)
uchaguzi,election (u/u )
uchango,1. small intestine (u) 2. penis (vulgar) (u)
uchunguzi,research (u/u )
ufuko,beach (u)
ugonjwa wa mlipuko,epidemic (u/ma)
uhusiano,relationship (u/u )
uislamu,islam (u/u )
ujumbe,"message, task (u/u )"
ukimwi,AIDS (u/u )
ukitaka,if you want (v.)
ukristo,christianity (u/u )
ulaya,Europe
ulimwengu,"universe, sky, world (u/ma)"
ulizo,inquiry (ji/ma)
umekutana,have you met?
unaitwa nani?,What is your name? (lit. you are called who?)
unapikaje,how do you cook (v.)
unasemaje,how do you say (v.)
upande wa,towards (on the side of)
upasuaji,surgery (u/u )
upuuzi,"nonsense, silliness (u/u )"
usaha,pus (u/u )
ushairi,poetry (u/u )
utalii,tourism (u/u )
uumiza,you cause to hurt (v.) (causative)
uwanja,playing field (u)
uwazo,"meditation, imagination, reflection (u/u )"
uwongo,"falsehood, lie (u/u )"
uzazi,birth (u/u )
uzoefu,"experience, familiarity (u/u )"
valia,"wear, put on, have on (v. stem)"
viatu,shoes (ki/vi)
viazi,potatoes (ki/vi)
viboko,hippos (ki/vi)
vifaa,"supplies, tools (ki/vi)"
vijana,"youths, the youth (ki/vi)"
vile vile,"also, in addition (adv.)"
vilio la damu,bruise (lit. tears of blood) (ki/vi)
vipi?,"how, in what way? (pronoun)"
vitu,stuff (ki/vi)
vitunguu saumu,garlic (lit. onion of garlic) (ki/vi)
vutia,attract (v. stem)
wa kawaida,"normally (adj. cl. 1, 2, 3, 11)"
wa kitoto,"childish (adj. cl. 1, 2, 3, 11)"
wa kufuga,"tame (adj. cl. 1, 2, 3, 11)"
wa na vitu ndani,"containing (lit. having things inside) (adj. cl. 1, 2, 3, 11)"
wafanyakazi,"staff, workers (m/wa)"
wafu,dead people (m/wa)
walimu,teachers (m/wa)
wana,they have (v.)
wanafunzi,students (m/wa)
wapi,where (pronoun)
waridi,rose (ji/ma)
wazazi,parents (m/wa)
wazi (maana mengi),open (clear) (adj.)
waziwazi,straightforward (adj.)
wezekana,to be possible (v. stem)
wiki,week (n/n)
wiki ijayo,next week (n/n)
wokovu,salvation (u/u )
ya ajabu,"strange (odd) (adj. cl. 4, 6, 9)"
ya akili timamu,"sane (adj. cl. 4, 6, 9)"
ya asidi*,"acidic (adj. cl. 4, 6, 9)"
ya asili,"natural (adj. cl. 4, 6, 9)"
ya baridi,"cold (adj. cl. 4, 6, 9)"
ya bure,"free (adj. cl. 4, 6, 9)"
ya chafu,"dirty (adj. cl. 4, 6, 9)"
ya chini,"lower (adj. cl. 4, 6, 9)"
ya embamba,"thin (adj. cl. 4, 6, 9)"
ya eupe,"white (adj. cl. 4, 6, 9)"
ya furaha,"happy (adj. cl. 4, 6, 9)"
ya haki,"fair (adj. cl. 4, 6, 9)"
ya hakika,"sure (adj. cl. 4, 6, 9)"
ya hatari,"dangerous (adj. cl. 4, 6, 9)"
ya hekima,"wise (adj. cl. 4, 6, 9)"
ya ingine,"other (adj. cl. 4, 6, 9)"
ya jifunika,"wrapped (adj. cl. 4, 6, 9)"
"ya jua, ya sola","solar (adj. cl. 4, 6, 9)"
ya jumla,"general (adj. cl. 4, 6, 9)"
ya juu,"upper (adj. cl. 4, 6, 9)"
ya kali,"acute (adj. cl. 4, 6, 9)"
ya kawaida,"normal (adj. cl. 4, 6, 9)"
ya kisasa,"modern (adj. cl. 4, 6, 9)"
ya kudumu,"permanent (adj. cl. 4, 6, 9)"
ya kuparuza,"rough (adj. cl. 4, 6, 9)"
ya kupendeza,"interesting (adj. cl. 4, 6, 9)"
ya kutosha,"adequate (adj. cl. 4, 6, 9)"
ya kuvunjika upesi,"fragile (adj. cl. 4, 6, 9)"
ya kwanza,"first (adj. cl. 4, 6, 9)"
ya lazima,"compulsory (adj. cl. 4, 6, 9)"
ya majimaji,"wet (adj. cl. 4, 6, 9)"
ya mara moja,"immediate (adj. cl. 4, 6, 9)"
ya mbali,"remote (adj. cl. 4, 6, 9)"
ya moja kwa moja,"direct (adj. cl. 4, 6, 9)"
ya mraba,"square (adj. cl. 4, 6, 9)"
ya mwezi,"lunar (adj. cl. 4, 6, 9)"
ya mwima,"upright (adj. cl. 4, 6, 9)"
ya mwinuko mkali,"steep (adj. cl. 4, 6, 9)"
ya mwisho,"final (adj. cl. 4, 6, 9)"
ya ncha za dunia,"polar (adj. cl. 4, 6, 9)"
ya nuklia,"nuclear (adj. cl. 4, 6, 9)"
ya ote,"universal (adj. cl. 4, 6, 9)"
ya pana,"wide (adj. cl. 4, 6, 9)"
ya pekee,"only (adj. cl. 4, 6, 9)"
ya potevu,"wasteful (adj. cl. 4, 6, 9)"
ya pya,"new (adj. cl. 4, 6, 9)"
ya rahisi,"easy (adj. cl. 4, 6, 9)"
ya siri,"confidential (adj. cl. 4, 6, 9)"
ya tamu,"sweet (adj. cl. 4, 6, 9)"
ya tulivu,"quiet (adj. cl. 4, 6, 9)"
ya uadui,"hostile (adj. cl. 4, 6, 9)"
ya utamu,"delicious (adj. cl. 4, 6, 9)"
ya vivu,"lazy (adj. cl. 4, 6, 9)"
ya vuguvugu,"warm (adj. cl. 4, 6, 9)"
ya wajinga,"stupid (adj. cl. 4, 6, 9)"
ya wastani,"average (adj. cl. 4, 6, 9)"
ya zamani,"former (adj. cl. 4, 6, 9)"
ya zima,"whole (adj. cl. 4, 6, 9)"
ya zito,"heavy (adj. cl. 4, 6, 9)"
yaani,that is to say (interjection)
yaliopita,"to be in the past, previous (v.)"
yeyote,anyone (pronoun)
yo yote,all (any at all) (pronoun)
yote,"all (every) (adj. cl. 4, 6, 9)"
zahanati,dispensary (n/n)
zaidi ya,more than (adj.)
zunguka,"go around, go about, surround"
(mahali) pako,your place
(mahali) pake,his place
habari za asubuhi?,Good morning! / Good morning (what's the news this morning?)
habari za jioni?,Good evening! / Good evening (what's the news this evening?)
hapana,No
mtu,"person, individual (m/wa) / person"
mwanamke,woman (m/wa) / a woman
mtoto,child (m/wa) / child
baba,father (n/n) / father
msichana,girl (m/wa) / girl
mvulana,boy (m/wa) / boy
mwalimu,teacher (m/wa) / teacher
mzee,"old man (sir) (m/wa) / old man, elder"
mzazi,parent (m/wa) / parent
bwana,"mr., sir (ji/ma) / mr., sir"
mume,husband (m ) / husband
mke,wife (m/wa) / wife
mpishi,"cook (m/wa) / cook, chef"
wanaume,men (m/wa) / men
tatu,three
saba,seven
nane,eight
kumi,ten
laki,hundred thousand
sifuri,zero (n/n) / zero
taka,infix future continuous / infix future continuous. e.g. 'will then'
toka,"from (place) (preposition) / come from, go out"
jua,sun (ji/ma) / know / sun
twiga,giraffe (n/n) / giraffe
paka,cat (n/n) / cat / smear on
mbwa,dog (n/n) / dog
swala,"impala (n/n) / antelope, gazelle"
nyoka,snake (n/n) / snake
tembo,elephant (n/n) / elephant
ndege,1. plane (n/n) 2. bird (n/n) / bird
ng'ombe,"cow, ox, cattle (n/n) / cow"
nguruwe,"pig, hog (n/n) / pig"
nyati,buffalo (n/n) / buffalo
mdudu,insect (m/wa) / insect
mbu,mosquito/s (n/n) / mosquito
mnyama,animal (m/wa) / animal
kaa,"1. crab (n/n) 2. coal, ember (ji/ma) / sit, stay / coal, charcoal, embers"
lazima,"1. necessity, must (n/n) 2. necessarily (adv.) / must"
zambarau,purple (n/n) / purple
kijivu,grey (adj. class 7) / grey
mtu yule,that person
mvulana yule,that boy
samaki,fish (n/n) / fish
kesho,tomorrow (n/n) / tomorrow
safari,journey (n/n) / journey
jana,yesterday (n/n) / yesterday
joto,1. heat (n/n) 2. hot (adj.) / heat
barafu,ice (n/n) / ice
huku,"hereabouts, over here (demonst. cl. 17) / around here"
kule,there (far) (demonst. cl. 17) / around there
mahali,place ( ma/ma) / place
sokoni,at the market (ji/ma) / at the market
juu,up (prep.) / up
juu ya,"on top of, about (prep.) / on top of, above"
chini ya,"under, below (adv.) / beneath"
ndani ya,"inside, in (preposition) / inside of"
nje ya,outside of (preposition) / outside of
kando ya,beside (adv.) / next to
fupi,short (adj.) / short
gumu,"difficult (adj.) / hard, difficult"
kuu,"main (adj.) / great, main, important"
nene,fat (adj.) / fat
zima,"entire (adj.) / whole. complete, mature, adult / extinguish"
tupu,"empty (adv.) / empty, bare"
epesi,"swift (adj.) / light, easy"
aminifu,"honest (adj.) / honest, faithful"
baridi,cold (n/n)/(adj.) / cold
kweli,"1. true, really (adv.) 2. truth (n/n) / true, truely"
bahari,"sea/s (n/n) / ocean, sea"
zawadi,present (n/n) / gift
njia,"path, road, way (n/n) / road, path, way"
karatasi,paper/s (n/n) / paper
hatari,danger (n/n) / danger
laini,smooth (adj.) / soft
tayari,ready (adj.) / ready
hodari,"able, clever (adj.) / able, brave"
wazi,"distinct (adj.) / open, clear"
bovu,rotten (adj.) / rotten
hakika,"certainty, reality, fact (n/n) / certain"
imara,"strong, stable, firm (adj.) / strong, stable, firm"
bora,"suitable, excellent, better, best (adj.) / excellent"
angalifu,"accurate (adj.) / careful, attentive"
changa,young (adj.) / young / collect for or contribute to a cause
haramu,illegal (adj.) / illegal
jumamosi,Saturday
jumapili,Sunday
jumanne,Tuesday
jumatano,Wednesday
alhamisi,Thursday
ijumaa,Friday
kesho kutwa,day after tomorrow (n/n) / day after tomorrow
juzi,day before yesturday (ji/ma) / day before yesturday
juzijuzi,recently (adv.) / recently
zamani,"ago (adv.) / long time ago / ago, past"
jioni,evening (n/n) / evening
ua,flower (ji/ma) / kill / flower
halafu,"later, then, after (adv.) / after, then"
bado,"not yet, still (adv.) / not yet, still"
kwa haraka,quickly (adv.) / quickly
polepole,slowly (adv.) / slowly
sivyo,not so (interjection) / not so
nani,who (pronoun) / who
lini,when (conjunc./adv.) / when
kwa nini,why (adv.) / why
vipi,"how (pronoun) / how, in which way"
bila,without (prep.) / without
katika,"in, inside, on (prep.) / in, on, near, from, towards"
sababu,reason (n/n) / because
ingawa,"although, even though"
kwamba,1. that (conjunc.) 2. In order that (v. inf.) / that
mpaka,"1. until (preposition) 2. border, boundary (m/mi) / as far as, until, up to / boundary"
kati ya,"in the middle of (prep.) / among, between"
wakati wa,while (conjunction) / during
ili,in order that (conj.) / in order that
tangu,"since, from (preposition) / since"
mgeni,"foreigner (m/wa) / visitor, stranger, newcomer"
mkulima,farmer (m/wa) / farmer
mgonjwa,"sick person, patient (m/wa) / patient, ill person"
mwizi,"burglar, thief (m/wa) / thief"
mwanafunzi,student (m/wa) / student
mtumishi,"employee, servant (m/wa) / servant"
mwandishi,"writer, author (m/wa) / writer, author"
mganga,doctor (m/wa) / doctor
"mwuguzi, nasi",nurse (m/wa) / nurse
mlinzi,"guard, watchman (m/wa) / guard, guardian"
kisu,knife (ki/vi) / knife
chakula,food (ki/vi) / food
chumba,room (ki/vi) / room
kijiko,spoon (ki/vi) / spoon
kitanda,bed (ki/vi) / bed
kiatu,"shoe (ki/vi) / shoe, boot"
kichwa,head (ki/vi) / head
kitabu,book (ki/vi) / book
kisahani,saucer (ki/vi) / saucer
kisiwa,island (ki/vi) / island / be estimated / be estimated by
choo,"toilet (ki/vi) / bathroom, toilet"
kiti,"chair, seat (ki/vi) / chair, seat"
kilima,hill (ki/vi) / hill
kidole,"finger (ki/vi) / finger, toe"
kiwiko,"ankle, wrist (ki/vi) / wrist"
kitu,thing (ki/vi) / thing
kiingereza,English (ki/vi) / English
mkate,"loaf of bread (m/mi) / bread, loaf"
mti,tree (m/mi) / tree
mlango,entrance (m/mi) / door
msaada,"help, aid (m/mi) / help, assistance, aid"
mlima,mountain (m/mi) / mountain
mkutano,meeting (m/mi) / meeting
mwili,body (m/mi) / body
mwezi,"1. month (m/mi) 2. moon (m/mi) / moon, month"
mfuko,bag (m/mi) / bag
mwaka,a year (m/mi) / year
mkono,"hand (m/mi) / arm, hand"
mto,1. river (m/mi) 2. pillow (m/mi) / river (also pillow) / river
mfupa,bone (m/mi) / bone
mzigo,"burden, piece of luggage (m/mi) / baggage, load"
mguu,"leg (m/mi) / leg, foot"
moyo,heart (m/mi) / heart
msitu,forest (m/mi) / forest
moto,"1. Fire (m/mi), 2. Hot (adj.) / fire"
mji,city (m/mi) / city
wakati,"period, time (u) / time"
ufunguo,key (u) / key
uso,face (u) / face
ufagio,broom (u) / broom
uzito,weight (u/u ) / weight
uzuri,beauty (u/u ) / beauty
ubao,"wood, board (u) / wood, board"
ugonjwa,"disease, illness (u/ma) / disease, illness"
ufa,crack (u) / a crack
kuni,firewood (u) / firewood
ukurasa,page (u) / page
upepo,"wind, breeze (u) / wind"
ulimi,tongue (u) / tounge / tongue
utoto,childhood (u/u ) / childhood
urafiki,friendship (u/u ) / friendship
urefu,"depth, height (u/u ) / height, length"
uzee,old age (u/u ) / old age
usafi,"cleanliness, purity (u/u ) / cleanliness"
udongo,"soil, ground (u/u ) / soil, ground"
uwezo,"ability (u/u ) / power, ability"
uamuzi,decision (u/ma) / decision
maji,water ( ma/ma) / water
duka,"shop (ji/ma) / shop, store"
maziwa,1. milk ( ma/ma) 2. lakes (ji/ma) / milk
soko,market (ji/ma) / market
yai,egg (ji/ma) / egg
shamba,farm (ji/ma) / farm
fundi,craftsman (ji/ma) / craftsman
somo,lesson (ji/ma) / lesson
kanisa,church (ji/ma) / church
darasa,classroom (ji/ma) / classroom
koti,coat (ji/ma) / coat
daraja,bridge (ji/ma) / bridge
gazeti,"gazette, newspaper (ji/ma) / newspaper"
gari,car (ji/ma) / car
jicho,eye (ji/ma) / eye
macho,eyes (ji/ma) / eyes
jino,tooth (ji/ma) / tooth
meno,teeth (ji/ma) / teeth
jiwe,stone (ji/ma) / stone
jiko,"cooker, stove (ji/ma) / kitchen"
jibu,"answer (ji/ma) / answer, respond"
matope,mud (ji/ma) / mud
taifa,nation (ji/ma) / nation
shauri,"1. Advice (ji/ma) 2. Issue, Affair (ji/ma) / advice"
zulia,carpet (ji/ma) / carpet
mahindi,"maize, sweetcorn (ji/ma) / maize"
limau,lemon (ji/ma) / lemon
rais,president (ji/ma) / president
jumba,"building (ji/ma) / mansion, large house"
karani,clerk (ji/ma) / clerk
swali,question (ji/ma) / question
dirisha,window (ji/ma) / window
mara,"time, sequence, turn (n/n) / times (multiple)"
pamoja,"with, together (adv. cl. 16) / together"
sawasawa,"level (adj.) / level, even"
kwa kifupi,briefly (adv.) / briefly
hatimaye,"eventually, finally (adv.) / eventually"
vizuri,"good (adj. cl. 8) / nicely, well, properly"
vibaya,badly (adj. cl. 8) / badly
nyuma,1. behind (adv.) 2. rear (n/n) 3. forks (u/uu) / rear
ajali,"accident (n/n) / accident, fate"
anga,"sky, space, air"
sabuni,soap/s (n/n) / soap
biashara,"business, commerce (n/n) / business, commerce"
polisi,"1. police force (n/n) 2. police officer (ji/ma) / police, policeman"
muda,period of time ( u) / period of time
baraka,blessing (n/n) / blessing
ugali,maize porridge (u/u ) / maize porridge
namba,number (n/n) / number
ujamaa,"community, socialism / community, socialist society"
shida,"problem/s (n/n) / difficulty, problem"
nyota,star (n/n) / star
kusudia,"to plan, to intend (v. inf.) / intend"
tumemaliza,we have finished (v.) / we have finished
kilimo,agriculture (ki/vi) / agriculture
kifaa,"item, suppy (ki/vi) / piece of equipment"
kiwanja,"ground, field, plot (ki/vi) / field, plot, land"
kioo,"glass pane, mirror (ki/vi) / glass, mirror"
kibiriti,match (for fire) (ki/vi) / matches
kiongozi,"guide (ki/vi) / leader, guide"
kipande,"piece (ki/vi) / piece, slice"
kijana,young man (ki/vi) / youth
kidonge,"tablet pill (ki/vi) / tablet, pill"
chombo,boat (ki/vi) / container (any vessel)
kipimo,"scale, measurement (ki/vi) / measurement"
chama,"political party, association (ki/vi) / society, club"
kifua,chest (anatomy) (ki/vi) / chest (human)
kifuniko,"cap, lid (bottle, lens) (ki/vi) / lid, cover"
kijiji,village (ki/vi) / village
kibarua,labourer (ki/vi) / casual labourer
kilele,"peak, top, mountain top (ki/vi) / peak"
kivuli,"shade (ki/vi) / shade, shadow"
kipofu,blind person (ki/vi) / blind person
kiziwi,deaf person (ki/vi) / deaf person
kizibo,"cork, plug (ki/vi) / cork, stopper"
kisima,well (water) (ki/vi) / well (water)
kitambaa,"cloth, fabric (ki/vi) / cloth"
kiwete,cripple (ki/vi) / disabled person
goti,knee (ji/ma) / knee
bega,shoulder (ji/ma) / shoulder
jirani,neighbour (ji/ma) / neighbour
binti,daughter (ji/ma) / daughter
agizo,"instruction (ji/ma) / order, instruction"
kaburi,grave (ji/ma) / grave (as in graveyard)
mchezo,"game (m/mi) / game, movie"
pikipiki,motorbike (n/n) / motorbike
angaza,"shine, open one's eyes / shine"
sauti,"sound (n/n) / sound, voice"
nywele,hair (u) / hair
haraka,"fast, quickly (adv.) / haste"
giza,darkness (ji/ma) / darkness
dunia,"world (ji/ma) / earth, world"
ndoto,dream/s (n/n) / a dream
amani,peace (n ) / peace
jasho,perspiration (n ) / perspiration
ndimu,lime (n/n) / lime
kengele,bell/s (n/n) / bell
tarishi,messenger (ji/ma) / messenger
mfanyakazi,worker (m/wa) / worker
binadamu,human being (n/n) / human being
mwenyeji,"inhabitant (m/wa) / resident, native"
nafasi,"1. space, place (n/n) 2. time (n/n) / space, opportunity"
kadiri,"content, amount (n ) / amount, moderation"
buibui,black cloth worn by Muslim women (n/n) / spider
kamera,camera (n/n) / camera
swichi,(light) switch (n/n) / (light) switch
ajira,employment (n/n) / employment
ratiba,"schedule (n/n) / timetable, schedule"
bidii,"effort (n/n) / effort, energy"
orodha,"list (n/n) / list, catalogue"
duara,circle (ji/ma) / circle
kimya,"quiet, silence (ki/vi) / silence"
serikali,government (n/n) / government
ruhusa,"permission, permit, leave (holiday) (n/n) / permission"
binafsi,private (adj.) / private
nadhifu,"smart (adj.) / tidy, neat, smart"
batili,"invalid (adj.) / invalid, null"
upesi,"quickly (adv.) / quickly, fast"
karimu,generous (adj.) / generous
kuliko,"more than (conjunc.) / than, compared to"
adimu,"rare, scarce (adj.) / rare, unobtainable"
halisi,genuine (adj.) / genuine
halali,"valid (adj.) / legal, valid"
tumbo,stomach (ji/ma) / stomach
ziwa,lake (ji/ma) / lake
godoro,mattress (ji/ma) / mattress
kabila,tribe (ji/ma) / tribe
pendekezo,"suggestion, desire (ji/ma) / suggestion, recommendation"
bendera,flag (n/n) / flag
gugu,weed (ji/ma) / a weed
tofali,brick (ji/ma) / brick
hali ya hewa,weather (n/n) / weather
ofisi,office (n/n) / office
abiria,passengers (n/n) / passenger
homa,fever (n/n) / fever
bahati,luck (n/n) / luck
nafaka,"grain, cereal (n/n) / grain"
ahadi,promise (n/n) / a promise
sheria,law (n/n) / law
mgongo,back (person 's) (m/mi) / back (person ?s)
mpango,"arrangement (m/mi) / plan, arrangement"
mpini,knife handle (m/mi) / handle
mwavuli,umbrella (m/mi) / umbrella
mfumo,1. fabric (m/mi) 2. system (m/mi) / system
mstari,line (m/mi) / line
mzizi,root (m/mi) / root
msumari,nail (m/mi) / nail
mfereji,"canal, water tap, running water (m/mi) / ditch"
mmea,"plant (m/mi) / plant, vegetation"
eneo,area (ji/ma) / area
tatizo,"problem, hardship (ji/ma) / problem"
kundi,group (ji/ma) / group
bawa,wing (ji/ma) / wing
ini,liver (ji/ma) / liver
pazia,curtain (ji/ma) / curtain
paja,"hip, thigh (ji/ma) / thigh"
wingu,cloud (ji/ma) / cloud
sikio,ear (ji/ma) / ear
vumbi,dust (n/n) / dust
chuma,"1. Iron, Steel (ki/vi) 2. Hero (m/wa) 3. Full (adv.) / steel, iron"
cheti,"note, ticket (ki/vi) / certificate, chit"
chungu,bitter / cooking pot
kiangazi,hot season / dry season
chambo,bait
ada,fee (n/n) / fee
adhuhuri,"noon, early afternoon (n/n) / noon"
hadithi,"story, myth (n/n) / story, tale"
ndoo,bucket/s (n/n) / bucket
kasoro,"1. less (adv.) 2. minus (conjunc.) / defect, blemish"
sehemu,"fraction (n/n) / portion, section, fraction"
nyundo,hammer/s (n/n) / a hammer
maziko,funeral ( ma/ma) / funeral
haya,"this/these (demonst. cl. 6); 2. Modesty (n/n) / modesty, bashfulness"
afya,health (n/n) / health
siri,a secret (n/n) / secret
huzuni,sadness (n/n) / grief
bizari,"curry spice (n/n) / spice, curry"
roho,"spirit, soul, ghost (n/n) / soul"
bure,"free, gratis (adj.) / free, useless"
mno,"very, extremely, too much (adv.) / exceedingly, too much"
pengine,"1. elsewhere (adj. cl. 16) 2. maybe, perhaps (adv.) / sometimes, another time"
vilevile,"as well as, likewise, thus (adv.) / similarly, just the same"
hata kidogo,"least, not in the / not at all"
afadhali,"better, preferable (adv.) / preferable (it would be better)"
maarifa,knowledge ( ma/ma) / knowledge
kodi,"tax (n/n) / a tax, rent / to rent"
mvuvi,fisherman (m/wa) / fisherman
mpumbavu,"stupid (adj. cl. 1, 3, 11) / fool, idiot"
mnafiki,hypocrite (m/wa) / hypocrite
mwana,"son or daughter (m/wa) / son, child"
mvivu,"lazy person, idler (m/wa) / lazy person"
mita,meter (n/n) / metre
kambi,camp (n/n) / camp
kwaya,choir (n/n) / choir
imani,"belief (n/n) / faith, belief"
heshima,honour (n/n) / honour
pesa,money (ji/ma) / money
fedha,money (n/n) / funds
msamiati,vocabulary (m/mi) / vocabulary
piga picha,take a picture
piga simu,make a phone call
piga makofi,"clap (v.) / clap, applaud"
takataka,"litter, rubbish, refuse (n/n) / rubbish"
mboga,vegetables (n/n) / vegetables
bia,beer (n/n) / beer
kamba,rope (n/n) / rope
robo,quarter (n/n) / quarter
shughuli,function (n/n) / activiy
mvua,rain (n ) / rain
ngazi,"ladder/s (n/n) / ladder, stairs"
hitilafu,"defect, contradiction (n/n) / difference or defect"
nilimpa,I gave him
endesha,drive
umri,"age, period (u/u ) / age"
upande,side (u) / side
ubaguzi,"discrimination (u/u ) / segregation, discrimination"
umbali,distance (u/u ) / distance
ukweli,truth (u/u ) / truth
usukani,"steering wheel, rudder (u) / steering wheel"
ukingo,"margin (u) / rim, edge, river bank"
uzi,"thread, yarn, string (u) / thread"
mtego,trap (m/mi) / a trap
mgongano,"impact, touch, conflict (m/mi) / collision"
mshahara,"salary, income (m/mi) / salary"
mkoa,region (m/mi) / region
mwisho,"end (mwmi) / end, conclusion"
mwanga,light (m/mi) / light / wizard
shindano,"race (ji/ma) / competition, contest, race / contest"
gereza,prison (ji/ma) / prison
fungu,heap (ji/ma) / heap
bonde,valley (ji/ma) / valley
kucha,"1. Darkness (n.) 2. Claw (n.) 3. Rise (v. inf.) / claw, fingernail"
ambukizo,infection (ji/ma) / infection
binamu,cousin (n/n) / cousin
askari,police officer (n/n) / soldier
kawaida,"custom (n/n) / custom, usual practice, normality"
milele,forever (n/n) / eternity
sala,prayer (n/n) / prayer
kusanya,"to steal (v. inf.) / to collect, gather"
farasi,horse (n/n) / horse
ghorofa,"floor, storey (n/n) / story, floor (of a building)"
ndoa,"marriage, wedding (n/n) / marriage"
baraza,"assembly, meeting (n/n)/(ji/ma) / verandah, assembly room, council"
wala,"neither (conjunction) / neither, nor"
badala ya,instead of (adv.) / instead of
hata,"up to, even (adv.) / up to, not even"
shetani,"devil (ji/ma) / evil spirit, devil"
ardhi,"earth (n/n) / soil, ground"
alfabeti,alphabet
pamba,cotton (n/n) / cotton / decorate
zamu,"workshift (n/n) / shift (work), turn"
kiasi,amount (ki/vi) / amount
yatima,orphan (ji/ma) / an orphan
sanaa,"work/s of art, craft/s, craftmanship (n/n) / art"
majira ya joto,summer (n/n) / summer
anwani,addresses (n/n) / address (postal)
fanaka,"success (n ) / success, prosperity"
jozi,pair (n/n) / pair
betri,battery (n/n) / battery
namna,"a kind, sort, quality (n/n) / kind, sort, pattern"
hisani,kindness (n/n) / kindness
eka,acre/s (n/n) / acre
nafsi,"1. self (n/n) 2. spirit, soul (n/n) / self"
tufe,"sphere, globe (n/n) / sphere, globe"
fahari,"luxury (n/n) / luxury, splendor"
sumu,poison (n/n) / poison (n.)
cheche,spark (n/n) / a spark
duni,"inferior, insignificant, worthless (adj.) / inferior, insignificant, low quality"
dhaifu,"frail (adj.) / weak, frail"
tovu,mannerly / lacking
fasiri,"translate, interpret / translate"
mwongo,liar (m/wa) / liar
mtulivu,"still, calm, peaceful (adj. cl. 1, 3, 11) / calm person"
vita,war/s (ki/vi) / war
sayansi,science (n/n) / science
ngoma,drum (n/n) / dance; drum
nukta,"dot, second"
kanyagio,pedal / pedal (noun)
baiskeli,bicycle (n/n) / bicycle
wastani,"average (14, u/u ) / average"
chujio,"filter (ki/vi) / filter, strain"
sifa,praise (n/n) / praise (n.)
maktaba,library (n/n) / library
hamu,"yearning, desire / desire, yearning"
ladha,taste (n/n) / flavor
koo,throat (ji/ma) / throat
hakimu,judge (ji/ma) / a judge
tanga,sail (ji/ma) / a sail
tendo,"an action, deed (ji/ma) / an act, action"
bomba,pipe (ji/ma) / pipe
peke yangu,"by myself, on my own (possessive) / by myself"
sasa hivi,immediately (adv.) / right now
saa ngapi?,what time is it?
kopo,"tin can (ji/ma) / can, tin"
kabati,cupboard (ji/ma) / cupboard
askofu,bishop (n/n) / bishop
kidonda,"sore (ki/vi) / sore, ulcer"
uma,"1. fork (u) 2. bite, sting (u) / bite, hurt, sting"
nasi,nurse (ji/ma) / with us
deni,debt (ji/ma) / debt
tundu,"hole, orifice, nest, den (ji/ma) / hole"
chapa,"typeset, print (n/n) / print, typing, a mark"
taa,lamp/s (n/n) / lamp
ndama,calf (n/n) / a calf
dari,ceiling (ji/ma) / ceiling
wilaya,district (n/n) / district
mafuta,"oil ( ma/ma) / oil, fat"
elezo,explanation (ji/ma) / explanation
matembezi,walk (stroll) ( ma/ma) / a walk (stroll)
matamshi,pronunciation (ji/ma) / pronunciation
gurudumu,wheel (ji/ma) / wheel
fumbo,"puzzle, riddle, mystery (ji/ma)"
ganda,"husk, shell / coagulate, freeze"
msafiri,traveller (m/wa) / traveller
ubavu,"side, flank, rib, hip (u) / rib"
uhitaji,"poverty, state of need (u/u ) / a need"
ujana,"adolescence, young age (u/u ) / youth"
umaskini,poverty (u/u ) / poverty
upana,"width, breadth (u/u ) / width"
uhodari,"bravery, efficiency / courage"
kichefuchefu,nausea (ki/vi) / nausea
kipindi,period of time (ki/vi) / period (of time)
daima,"constantly, always (adv.) / constantly"
ghafula,suddenly (adv.) / suddenly
mwandishi wa habari,journalist (m/wa) / reporter
mchumba,fiancÃÂÃÂÃÂÃÂÃÂÃÂÃÂÃÂÃÂÃÂÃÂÃÂÃÂÃÂÃÂÃÂÃÂÃÂÃÂÃÂÃÂÃÂÃÂÃÂÃÂÃÂÃÂÃÂÃÂÃÂÃÂÃÂÃÂÃÂÃÂÃÂÃÂÃÂÃÂÃÂÃÂÃÂÃÂÃÂÃÂÃÂÃÂÃÂÃÂÃÂÃÂÃÂÃÂÃÂÃÂÃÂÃÂÃÂÃÂÃÂÃÂÃÂÃÂÃÂÃÂÃÂÃÂÃÂÃÂÃÂÃÂÃÂÃÂÃÂÃÂÃÂÃÂÃÂÃÂÃÂÃÂÃÂÃÂÃÂÃÂÃÂÃÂÃÂÃÂÃÂÃÂÃÂÃÂÃÂÃÂÃÂÃÂÃÂÃÂÃÂÃÂÃÂÃÂÃÂÃÂÃÂÃÂÃÂÃÂÃÂÃÂÃÂÃÂÃÂÃÂÃÂÃÂÃÂÃÂÃÂÃÂÃÂÃÂÃÂÃÂÃÂÃÂÃÂ©e (m/wa) / fiancÃÂÃÂÃÂÃÂÃÂÃÂÃÂÃÂÃÂÃÂÃÂÃÂÃÂÃÂÃÂÃÂÃÂÃÂÃÂÃÂÃÂÃÂÃÂÃÂÃÂÃÂÃÂÃÂÃÂÃÂÃÂÃÂÃÂÃÂÃÂÃÂÃÂÃÂÃÂÃÂÃÂÃÂÃÂÃÂÃÂÃÂÃÂÃÂÃÂÃÂÃÂÃÂÃÂÃÂÃÂÃÂÃÂÃÂÃÂÃÂÃÂÃÂÃÂÃÂÃÂÃÂÃÂÃÂÃÂÃÂÃÂÃÂÃÂÃÂÃÂÃÂÃÂÃÂÃÂÃÂÃÂÃÂÃÂÃÂÃÂÃÂÃÂÃÂÃÂÃÂÃÂÃÂÃÂÃÂÃÂÃÂÃÂÃÂÃÂÃÂÃÂÃÂÃÂÃÂÃÂÃÂÃÂÃÂÃÂÃÂÃÂÃÂÃÂÃÂÃÂÃÂÃÂÃÂÃÂÃÂÃÂÃÂÃÂÃÂÃÂÃÂÃÂÃÂ©e
wimbo,song (u) / song
wavu,net (u) / net
wasiwasi,"worry (14, u/u ) / worry, disquiet"
unene,thickness (u/u ) / thickness
ukungu,"fog (u) / fog, mist"
usalama,"safety, security (u/u ) / safety"
ukarimu,hospitality (u/u ) / generosity
ushinde,defeat (u/u ) / defeat (n.)
ukosefu,"lack, shortage (u/u ) / lack (noun)"
ugomvi,"quarrel (u/u ) / strife, a quarrel"
ukamilifu,perfection (u/u ) / perfection
msalaba,"cross (m/mi) / cross, crucifix"
mradi,project (n.) / project
mwendo,"movement (m/mi) / movement, speed"
mzoga,carcass (m/mi) / carcass
sita,"six / hesitate, be uncertain"
ulevi,"drunkenness, alcoholism (u/u ) / drunkeness"
ukoo,greatness / kinship
usemi,"speech, saying (u) / speech"
uhalifu,"lawlessness (u/u ) / disobedience, lawlessness"
hukumu,judgement (n/n) / judgement
silaha,weapons (n/n) / weapon
athari,"effect, influence, mistake, impression (n/n) / effect"
bastola,pistol/s (n/n) / pistol
hai,alive (adj.) / alive
wima,"erect, straight (adj. cl. 2) / upright"
paa,1. roof (ji/ma) 2. gazelle (n/n) / ascend
tikisa,"shake, vibrate / to shake"
seremala,carpenter (ji/ma) / carpenter
mtaalamu,"professional (m/wa) / professional, scientist"
mwashi,mason (m/wa) / mason
mwanachama,member (m/wa) / member of club or society
idhini,"permission, consent / authorize, sanction"
tuli,"calmly / quiet, calm"
laghai,cheat / dishonest
sayari,planet (n/n) / planet
ngano,1. wheat (n/n) 2. fable (n/n) / wheat
reli,railroad (n/n) / railroad
mtelemko,"a slope, decline (adj. cl. 1, 3, 11) / downward slope"
mwangwi,echo (m/mi) / echo
msafara,"entourage, caravan (m/mi) / expedition"
mshangao,"surprise (m/mi) / amazement, astonishment"
msimu,season (m/mi) / season (of the year)
mwiko,large spoon
mtindo,style (m/mi) / style
ahirisha,"postpone, adjourn / adjourn, postpone"
faraja,comfort (n/n) / console
makala,"articles, documents (n/n) / written article"
sudi,"success, luck (n/n) / success"
alizeti,sunflower
siasa,politics (n/n) / politics
nyoya,feather (ji/ma) / feather
jalada,cover of a book (ji/ma) / cover of a book
udhaifu,weakness (u/u ) / weakness
ukubwa,"size (u/u ) / size, bulk"
uvumilivu,perseverence (u/u ) / forbearance
uchungu,bitterness (u/u ) / bitterness
njama,"confidential discussion, plot"
agua,"predict / prophesize, divine"
alika,"invite / click, crackle  also invite"
agana,make a covenant / take leave of one another
jembe,hoe (56) / hoe
wazo,thought (ji/ma) / thought
sweta,"sweater, pullover / sweater"
krimu ya ndevu,shaving cream
mtoaji,one who offers (m/wa) / one who gives
mlio,"a cry, shout / you all who are"
mwaka uliopita,last year (m/mi) / last year (the year which passed)
umbwa,be created
tumbuliwa,be ripped open / be ripped open by
tumainiwa,be trusted / be trusted by
matumbo,"bowel (large), stomachs (ji/ma) / entrails"
hujambo,"Hello, how are you?"
habari?,What's the news
habari za leo?,Good day (what's the news today?)
usiku mwema,Good night
lala salama,Sleep well
asante sana,Thank you very much
shikamoo,Greetings (to old or distinguished person)
marahaba,Reply to Shikamoo
hodi !,Anybody home?
njema,"Good/ Well (response to ""habari"" questions)"
mwanamume,a man
mzungu (wa),"European, white person"
mhudumu,waiter
watoto,children
wanawake,women
wasichana,girls
wazee,"elders, old people"
wake,wives
waume,husbands
mbili,two
nne,four
tisa,nine
kumi na moja,eleven
kumi na mbili,twelve
kumi na tatu,thirteen
mia moja,one hundred
mia tano,five hundred
elfu moja,one thousand
elfu sita,six thousand
laki saba,seven hundred thousand
milioni,million
bilioni,billion
la (kula),eat
nywa (kunywa),drink
sema,speak
soma,"read, study"
lala,"sleep, lie down"
nunua,buy
uza,sell
omba,"beg, request politely"
ja (kuja),come
enda (kwenda),go
ambia,tell
uliza,ask
fika,arrive
fa (kufa),die
keti,sit
fanya,do
rudi,return
fungua,open
penda,"love, like"
pumzika,"rest, take a break"
pika,cook
angalia,"be careful, watch out"
nasoma (ninasoma),I am reading
unajua,You know
anasema,He (she) is speaking
tunapika,We are cooking
mnapika,You all are cooking
wanaleta,They are bringing
napumzika (ninapumzika),I am resting
unafuata,You are following
unapenda,You love (like)
wanalala,They are sleeping
mnajifunza,You all are studying
tunataka,We want
wananunua,They are buying
anarudi,He is returning
nafungua (ninafungua),I am opening
wanatembea,They are walking
nauza (ninauza),I am selling
tunachoka,We are tired
mnatembelea,You all are visiting
unauliza,You are asking
mnakuja,You all are coming
anakwenda,He (she) is going
wanakula,They are eating
ngiri,warthog
simba,lion
mbuzi,goat
sungura,rabbit
kunguru,crow
pundamilia,zebra
tafuta,"search, look for"
agiza,order something
subiri,be patient
shukuru,give thanks
tembelea,visit
toa,"put forth, give out"
ruka,jump
pungua,"reduce, diminish"
ruhusu,"permit, allow"
pata,"get, obtain"
piga,"beat, hit, strike"
nusa,smell
ona,"see, consider"
ongeza,"increase, add to"
ishi,live
iba,steal
faa,"be suitable, be of use"
inuka,"rise, get up"
baki,"remain, stay behind"
andaa,"prepare, make ready"
kimbia,"run, run away"
pinki,pink
mtu huyu,this person
watu hawa,these people
watu wale,those people
mtoto huyu,this child
watoto hawa,these children
watoto wale,those children
msichana huyu,this girl
wasichana wale,those girls
wanaume hawa,these men
wanawake hawa,these women
mama yule,that mother
baba huyu,this father
paka huyu,this cat
wadadu wale,those insects
kiboko huyu,this hippopotamus
simba yule,that lion
wadudu hawa,these insects
nina mtoto,I have a child
una mbwa,You have a dog
ana kisu,He has a knife
tuna kitabu,We have a book
mna samaki,You all have fish
wana kuku,They have a chicken
una samaki,You have fish
nina pilipili,I have pepper
ana chumvi,He has salt
tuna kahawa,We have coffee
mna chai,You all have tea
una rafiki,You have a friend
wana nyama ya ng'ombe,They have beef
ana sahani,He has a plate
tuna mwalimu,We have a teacher
nina paka,I have a cat
una mvulana,You have a boy
mna dada,You all have a sister
he (she) is here,Yupo hapa
he (she) is not here,Hayupo
mezani,on the table
kando,side
zuri,"good, nice, beautiful"
baya,bad
kubwa,big
dogo,small
refu,"tall, long"
chache,few
chafu,dirty
pya,new
kali,"strong, fierce, sharp, harsh"
geni,"strange, foreign"
tamu,"sweet, delicious"
kavu,dry
zito,heavy
ema,"good (character), kind"
ingi,"a lot, many"
embamba,"thin, narrow"
ninyi,you all (plural)
mtoto mfupi,short child
msichana mkubwa,big girl
watoto wachache,few children
wanawake wazuri,beautiful women
baba mrefu,tall father
wanaume warefu,tall men
kaka mwema,kind brother
mhudumu mweupe,white waiter
mwindaji mdogo,small hunter
watoto weupe,white children
wanawake wengi,many women
wanaume wengine,other men
mtu mwembamba,thin person
mhudumu mwingine,another waiter
wazazi wengi,many parents
walimu wageni,foreign teachers
kaka wako,your brother
dada wake,his sister
bibi wetu,our grandmother
babu wenu,your (plural) grandfather
mama wao,their mother
watoto wangu,my children
wazazi wetu,our parents
mtoto wako,your child
mtoto wetu,our child
kanga,colorful multipurpose skirt with proverb
subira,patience
karanga,peanuts
sawa,"equal, same, and response ""ok"""
mosi,first
pana,wide
vivu,"lazy, idle"
tulivu,"calm, peaceful, quiet"
erevu,"clever, intelligent"
hoi,"destitute, ill"
korofi,"rude, arrogant"
pweke,lonely
timilifu,perfect
fasaha,fluent
choyo,"greedy, selfish, mean"
bichi,"unripe, uncooked, raw"
juma,week
huzunika,be sad
chukia,"hate, dislike"
weka,"keep, put"
anguka,"fall, fall down"
cheza,play
sikia,hear
saidia,"help, assist"
fanya kazi,do work
potea,get lost
ficha,hide
fikiri,think
jifunza,"learn, study"
pa,give
ingia,enter
ogelea,swim
nyesha,rain
jaribu,try
funika,cover
panda,climb
maliza,finish
lipa,pay
choma,"roast, barbeque"
andika,write
oga,bathe
mtoto alisoma,The child read
mwanamke alitembelea arusha,The woman visited Arusha
mti ulianguka,The tree fell
watoto walicheza,The children played
mwalimu alifika jana,The teacher arrived yesterday
mwanaume alipanda mlima,The man climbed the mountain
nilinusu chakula,I smelled food
tulikumbuka,We remembered
walikutana jana,They met yesterday
uliendesha gari,You drove a car
mlisema,You all spoke
wanawake walibaki,The women remained behind
watoto hawa waliimba,These children sang
mbwa yule alikimbia,That dog ran
wavulana wale waliruka,Those boys jumped
nilipiga picha,I took a picture
mlikula,You all ate
tembo yule alikufa,That elephant died
mbwa alikuja,The dog came
simba alilala,The lion slept
siku zote,always
hivi,"this way, thus"
kwa bahati,"fortunately, luckily"
sio,not
kwa kweli,truthfully
hema hii,this tent
kalamu hii,this pen
dawa hii,this medicine
sahani hizi,these plates
nyumba hizi,these houses
siku ile,that day
karatasi ile,that paper
sababu zile,those reasons
taa zile,those lamps
rafiki yangu,my friend
nguo zangu,my clothes
sababu yake,his reason
nyumba yao,their house
safari yetu,our journey
kalamu zake,his pens
sahani zako,your plates
jioni hii,this evening
asubuhi zile,those mornings
zawadi zenu zinafika,You all's gifts are arriving
bei ile inapungua,That price is declining
nyumba hii inaanguka,This house is falling
sahani zile zinafaa,Those plates are suitable
ndizi hizi zinapika,These bananas are cooking
panga kali,sharp machete
safari fupi,short journey
dakika chache,few minutes
suruali fupi,short trousers
chai tamu,sweet tea
siku tano,five days
meza moja,one table
dakika tatu,three minutes
nyumba ndogo,small house
siagi ngumu,hard butter
kazi nzuri,good work
sahani nzito,heavy plate
dawa ngeni,foreign drug
sabuni mbaya,bad soap
siku mvivu,lazy day
taa mpya,new lamp
mboga mbovu,rotten vegetables
nyama mbichi,raw meat
kahawa nyeusi,black coffee
meza nyeupe,white table
kalamu nyingine,another pen
mbegu nyingi,many seeds
taa nyingine,another lamp
nini,what
how,je
dhidi ya,against
ngapi,how many
japo,although
ama,or
mwindaji,hunter
mteja,customer
mkuu,"boss, chief"
machinga,street hawker
kikombe,cup
kitunguu,onion
kinywaji,drink (noun)
kikapu,basket
kidole gumba,thumb
visu,knives
vitabu,books
vijiko,spoons
vyumba,rooms
vyoo,toilets
kitabu hiki,this book
kisahani kile,that saucer
vitabu hivi,these books
vijiko vile,those spoons
chumba hiki,this room
kikombe changu,my cup
kitanda chako,your bed
kisu chenu,your (pl.) knife
kitu chao,their thing
vitu vyetu,our things
visu vyako,your knives
vitanda vyao,their beds
viatu vyangu,my shoes
kidole hiki,this finger
viatu hivi,these shoes
kiazi kile,that potatio
viti vyangu,my chairs
vyumba vyako,your rooms
chumba chake,his room
kilima hiki,this hill
vijiko vyetu,our spoons
vitunguu vile,those onions
vikombe vyao,their cups
kisu chake,his knife
kitabu kizuri,good book
kichwa kikubwa,big head
chumba kidogo,small room
chakula kibaya,bad food
visu virefu,long knives
viti vidogo,small chairs
vyumba vizuri,nice rooms
visu vinakata,the knives are cutting
vitabu vilifika,the books arrived
vyumba vichafu,dirty rooms
chakula kinanuka,the food smells bad
vitu vitafaa,the things will be suitable
kisu kinakata,The knife is cutting
vitunguu vinanuka,The onions smell bad
kikombe kinapotea,the cup is lost
kiatu cheupe,white shoe
viatu vyeupe,white shoes
kitu cheusi,black thing
vitabu vyeupe,white books
kitu chepesi,light thing
vitu vyepesi,light things
kikombe chekundu,red cup
mpira,ball
moshi,smoke
mswaki,toothbrush
msikiti,mosque
mungu,God
mtindi,yogurt
mchana kutwa,all day
mkia,tail
milango,doors
mifuko,bags
mikutano,meetings
miti,trees
miguu,feet
moto huu,this fire
miti hii,these trees
mswaki ule,that toothbrush
milima ile,those mountains
mkono wangu,my arm
mkutano wao,their meeting
mtindi wetu,our yogurt
mfano wenu,you all's example
mji wake,his city
milango yangu,my doors
miguu yako,your feet
miwani yako,your spectacles
mipira yake,his balls
moto huu unawaka,This fire is burning
mti ule unaanguka,That tree is falling
moyo wangu unapiga,My heart is beating
miti ile inaanguka,Those trees are falling
milango hii inafunga,These doors are closing
tutafika kesho,We will arrive tomorrow
atapika chakula,He will cook food
utasema,You will speak
mti utakua,The tree will grow
mwizi ataiba,The thief will steal
tembo atakufa,The elephant will die
mtajaribu,You all will try
watoto watacheza,The children will play
utakwenda kenya,You will go to Kenya
kisu kitakata,The knife will cut
kitabu kitafika,The book will arrive
miti itaanguka,The trees will fall
vidonge vitatosha,The pills will suffice
mto utafurika,The river will flood
nguo zitafika,The clothes will arrive
ndizi itanuka,The banana will small bad
bei itaongeza,The price will increase
januari,January
februari,Febuary
marchi,March
mei,May
juni,June
julai,July
agosti,August
septemba,September
oktoba,October
novemba,November
desemba,December
aprili,April
mimi ni mzuri,I am good
wewe ni mrefu sana,You are very tall
yeye ni mfupi sana,He (she) is very short
mti ni mrefu,The tree is tall
mlima ni mkubwa,The mountain is big
wao si wazuri,They are not good
sisi si wazuri,We are not good
ninyi si maskini,You all are not poor
sahani si safi,The plate is not clean
mimi si mfupi,I am not short
kitanda si kizuri,The bed is not good
vitu si vizuri,The things are not good
nguo si nzuri,The clothes are not nice
mifuko si mizito,The bags are not heavy
kiboko ni mkubwa,The hippotamus is big
twiga ni mrefu sana,The giraffe is very tall
nilikuwa mwalimu,I was a teacher
alikuwa mwanafunzi,He was a student
walikuwa wafanyabiashara,They were businessmen
tulikuwa wageni,We were guests
mlikuwa watoto wabaya,You all were bad children
ulikuwa mwandishi mzuri,You were a good writer
nitakuwa mwanamuziki mzuri,I will be a good musician
utakuwa mke mwema,You will be a kind wife
atakuwa babu mwema,He will be a kind grandfather
watakuwa wakulima wazuri,They will be good farmers
tutakuwa askari hodari,We will be brave soldiers
mtakuwa wazazi wazuri,You all will be good parents
upendo,love (noun)
uchafu,"dirt, grime"
utajiri,wealth
usingizi,sleep (n.)
unguja,Zanzibar
banda,"shed, hut"
parachichi,avocado
tofaa,apple
nanasi,pineapple
matata,problems
matofaa,apples
matunda (tunda),fruit
masoko,markets
maduka,"shops, stores"
meko,kitchens
pori,"jungle, bush, plain"
pipa,barrel
majivu,ashes
mambo (jambo),"matter, issue"
mavi,"excrement, feces"
tariji,employer
shoka,axe
jina langu,my name
jina lako,your name
duka lake,his shop
darasa letu,our classroom
kanisa lenu,you all's church
jiko lao,their kitchen
mashaka yangu,my doubts
macho yako,your eyes
magari yake,his cars
masomo yetu,our lessons
maduka yenu,you all's shops
matofaa yao,their apples
neno hili,this word
banda lile,that hut
zulia lile,that carpet
daraja lile,that bridge
swali hili,this question
jiko hili,this kitchen
magari haya,these cars
masanduku yale,those boxes
macho yale,those eyes
madirisha haya,these windows
matofaa haya,these apples
majibu yale,those answers
duka kubwa,big shop
daraja refu,long bridge
jiko chafu,dirty kitchen
darasa chafu,dirty classroom
soko zuri,good market
mayai mazuri,good eggs
maji machafu,dirty water
masoko makubwa,large markets
magari mapya,new cars
matofaa mabaya,bad apples
kanisa jeupe,white church
tofaa jekundu,red apple
majina mengi,many names
gari jeusi,black car
majani mengi,many leaves
makanisa meupe,white churches
jicho jeusi,black eye
macho mengi,many eyes
madirisha mengine,other windows
ana mpishi,He has a cook
wana paka,They have a cat
nina gari,I have a car
tuna mwalimu mzuri,We have a good teacher
una wanafunzi sita,You have six students
kiti kina miguu mitatu,The chair has three legs
kitanda kina mito miwili,The bed has two pillows
nyumba ina vyumba vitatu,The house has three rooms
nyumba zile zina vyumba vikubwa,Those houses have large rooms
mna vitabu vingi,You all have many books
vyumba vina vitanda vikubwa,The rooms have big beds
mji ule una wenyeji wengi,That city has many residents
milima ile ina miti mikubwa,Those mountains have big trees
watoto hawa wana mchezo,These children have a game
njia hii ina magari mengi,This road has many cars
hoteli zile zina vyumba vidogo,Those hotels have small rooms
jiko lao lina sahani chafu,Their kitchen has dirty plates
po pote,anywhere
taabani,in a bad state
kadhalika,likewise
vigumu,"toughly, difficulty"
kidogo kidogo,gradually
kifupi,briefly
alikuwa na wake watatu,He had three wives
tulikuwa na baba mwema,We had a kind father
walikuwa na wageni wazuri,They had good guests
mlikuwa na chakula kizuri,You all had good food
nitakuwa na visu vikali,I will have sharp knives
kijiji kitakuwa na watu wachache,The village will have few people
nyumba itakuwa na vyumba vikubwa,The house will have large rooms
chumba kile kitakuwa na vitanda viwili,That room will have two beds
madarasa yale yatakuwa na wanafunzi wengi,Those classrooms will have many students
mto ulikuwa na viboko vingi,The river had many hippos
meza zile zitakuwa na miguu mitatu,Those tables will have three legs
kanisa lile lilikuwa na viti vingi,That church had many chairs
patakuwa na duka hapa,There will be a shop here
palikuwa na mkutano jana,There was a meeting yesterday
kulikuwa na moto kule,There was a fire around there
kumekuwa na simba huku,There has been a lion around here
sielewi,I do not understand
sijui,I do not know
sisemi,I do not say
hajui,He doesn't know
hatujui,We do not know
hamjui,You all do not know
moto huu hauwaki,This fire does not burn
mto haufuriki,The river does not flood
miti hii haikui,These trees do not grow
kisu hiki hakikati,This knife does not cut
milango hii haifungi,These doors do not close
shoka lile halikati,That axe does not cut
karatasi ile haiwaki,That paper is not burning
mayai yale hayatoshi,Those eggs are not sufficient
nguo hizi hazikauki vizuri,These clothes do not dry well
watoto hawa hawajaribu,These children do not try
wanawake hawa hawafaulu,These women do not succeed
tembo yule hali,That elephant does not eat
mbwa haji,The dog does not come
sina watoto,I do not have children
hatuna chakula,We do not have food
huna mbwa,You do not have a dog
hawana mpira,They do not have a ball
mlima ule hauna miti,That mountain has no trees
vyumba vile havina viti,Those rooms have no chairs
kitanda hiki hakina mito,This bed has no pillows
martha yuko wapi?,Where is Martha?
martha yumo darasani,Martha is in the classroom
viazi viko wapi?,Where are the potatoes?
viazi vimo kikapuni,The potatos are in the basket
watoto wako wapi?,Where are the children?
watoto wako kule,The children are around there? (indefinite)
mto uko huku?,Is the river around here? (indefinite)
mto upo pale,The river is there (definite)
mkate umo nyumbani?,Is the bread in the house?
miwani yangu iko wapi?,Where are my spectacles?
miwani yako ipo hapa,Your spectacles are here
sahani zile ziko wapi?,Where are those plates?
sahani zile zipo mezani,Those plates are on the table
rafiki yake iko wapi?,Where is his friend?
rafiki yake imo nyumbani,His friend is in the house
wageni wako huku?,Are the guests around here? (indefinite)
wageni wako kule,The guests are around there (indefinite)
barafu yangu iko wapi?,Where is my ice?
barafu yako haimo jikoni,Your ice is not in the kitchen
chai haipo hapa,The tea is not here
zawadi zile haziko huku,Those gifts are not around here
watoto hawapo hapa,The children are not here
msichana hayupo hapa,The girl is not here
wanawake wale hawako huku,Those women are not around here
mvulana hayuko kule,The boy is not around there (indefinite)
mwalimu wetu hayupo hapa,Our teacher is not here
dawa yenu haipo hapa,You all's medicine is not here
ndizi zetu hazimo nyumbani,Our bananas are not in the house
vitu vile havipo hapa,Those things are not here
kiboko hakiko kule,The hippotoamus is not around there
kitana hakimo chumbani,The comb is not in the room
chakula hakipo hapa,The food is not here
viatu haviko huku,The shoes are not around here
mswaki haupo hapa,The toothbrush is not here
mipira haiko huku,The balls are not around here
mfuko haumo nyumbani,The bag is not in the house
pana miti mirefu hapa,There are tall trees here
kuna watoto kule,There are children around there
mna mkate jikoni,There is bread inside the oven
kuna wanyama huku,There are animals around here
pana mganga pale,There is a doctor there
mna mbwa nyumbani,There is a dog inside the house
kuna tembo kule,There is an elephant around there
hakuna miti huku,There are not trees around here
hamna chakula nyumbani,There is not food inside the house
hapana magari pale,There are not cars there (definite)
hakuna foleni kule,There is not traffic around there
pana mipira hapa,There are balls here (definite)
hamna viti chumbani,There are no chairs in the room
mna samaki baharini,There are fish in the ocean
kuna dereva huku,There is a driver around here
pombe,"beer, liquor"
lita,liter
malaria,malaria
kaptula,pair of shorts
hema,tent
simu,telephone
asali,"honey, syrup"
chipsi,fries
jibini,cheese
danganya,"cheat, lie, deceive"
fafuna,"clarify, elaborate"
futa,"erase, cancel"
furahi,"feel happy, rejoice"
pakia,load on
pangua,disarrange
zaa,give birth
sahau,forget
onyesha,show
kopa,borrow
simama,"stop, stand up"
sinzia,"doze, be sleepy"
chelewa,be late
chagiza,insist
amua,decide
adhibu,punish
geuka,turn around
amkia,greet
nuka,smell bad
tia,"put, place, set into"
nimekimbia,I have run
mti umeanguka,the tree has fallen
ametembelea arusha,he has visited Arusha
tumeogelea,we have swum
wamejaribu,they have tried
kitabu kimesomwa,the book has been read
miti imekua,the trees have grown
wanyama wamelala,the animals have slept
nguo zimekauka,the clothes have dried
kidevu,chin
kijito,"stream, creek"
chandulua,mosquito net
kiyoyozi,air conditioner
kiuno,waist
kina,depth
kiwiko cha mkono,elbow
kifundo cha mguu,ankle
kiazi,potato
kiraka,patch
kitasa,a lock
kikiaango,frying pan
kikuku,bracelet
kituo,station
kiwanda,"workshop, factory"
kinywa,mouth
kisigino,heel
abudu,worship
amini,"trust, believe"
chagua,"chose, select"
fagia,sweep
vuka,cross
hubiri,preach
vaa,"put on, wear"
fahamu,"know, understand"
finya,pinch
zungumza,converse
pinda,"bend, twist something"
anza,begin
zama,sink
waka,"burn, catch on fire"
chafua,"soil, make dirty"
waza,"imagine, think of"
bisha,argue
badili,exchange
ajiri,employ
fanya kelele,make noise
vuta,"draw out, attract"
faidi,"profit from, benefit"
hudumia,serve
zuia,prevent
ganga,bind medically
weza,be able to
honga,give a bribe
fanya hivi,do it this way
bomoa,break down
zeeka,wear out
fuja,squander
epa,avoid
dokeza,drop a hint
dai,"sue, claim, demand"
anika,dry in the sun
ziba,"plug, stop up"
beza,"scorn, despise"
gawa,"divide, apportion"
gonga,"knock, hit something"
dadisi,"spy, investigate"
gharimia,"spend on, absorb an expense"
chaga,"take up work, do vigorously"
chakaa,wear out
chora,"draw, engrave"
afiki,agree
bagua,discriminate
wahi,arrive on time
angika,"hang up, suspend"
elekeza,"direct, show the way"
faulu,succeed
dakiza,interrupt
zibua,uncork
lalamiko,complaint
rubani,pilot
boma,"fort, fortress"
chozi,"tear, teardrop"
maegesho,parking lot
lipo,payment
embe,mango
chafuko,"confusion, chaos"
dume,male animal
ondoa,remove
sukuma,push
tapika,vomit (v.)
tengeneza,repair
kataza,forbid
lia,"cry, weep"
hudhuria,"attend, be present"
gusa,touch
chimba,dig
chana,comb (v.)
chana nywele,comb hair
shinda,win
shiba,"be sate, satisfied"
tangulia,"precede, be in front"
tii,obey
pakua,"unload, dish up"
pita,"pass, surpass"
ridhia,approve
shiriki,participate
shona,"sew, mend"
legea,"be loose, slack"
mwaga,"pour out, spill"
vua samaki,fish (v.)
pona,"heal, get well"
ndevu,beard
shanta,rucksack
saini,signature
shati,shirt
heri,"bliss, happiness, good luck"
adhini,call to prayer
arifu,inform
bamba,arrest
funua,unveil
beba,carry on one's back
azima,lend or borrow
hadithia,narrate
chota,take up bit by bit
kamata,seize
lewa,get drunk
lima,"cultivate, farm"
inua,"raise, lift up"
shika,"hold, take"
jaa,be filled up
winda,hunt
miliki,"own, possess"
mimina,pour
osha,wash
achia,let go of
nawa,wash hands before eating
kohoa,cough
ngoja,wait
juta,"regret, be sorry"
sema!,Speak!
fuata!,Follow!
fungua!,Open!
kaa!,Stay!
jibu!,Answer!
kunywa!,Drink!
kula!,Eat!
simameni!,Stand! (plural)
uzeni!,Sell! (plural)
kateni!,Cut! (plural)
ngojeni!,Wait! (plural)
fikirini!,Think! (plural)
jaribuni!,Try! (plural)
rudini!,Return! (plural)
usikate!,Don't cut!
usirude!,Don't return!
msinunue!,Don't buy! (plural)
msipike!,Don't cook! (plural)
msile!,Don't eat! (plural)
njoo!,Come!
nenda!,Go!
lete!,Bring!
mwanasheria,lawyer
mbaguzi,racist
maarusi,"wedding couple, newlyweds"
mfungwa,prisoner
katibu,secretary
mbunge,member of parliament
mdai,creditor
mdeni,debtor
mfanyabiashara,businessman
mgomvi,quarrelsome person
milionea,millionaire
mjane,widow
mkimbizi,refugee
mhubiri,preacher
mkurugenzi,director
mnunuzi,buyer
mlafi,glutton
andikwa,be written
fanywa,"be done, made"
patwa,be obtained
tumiwa,be used
chukuliwa,be carried
funguliwa,be opened
ulizwa,be asked
somwa,be read
pikwa,be cooked
juliwa,be known
hitajiwa,be needed
kubaliwa,be agreed
letwa,be brought
nunuliwa,be purchased
windwa,be hunted
sahauliwa,be forgotten
jaribiwa,be tried
endelewa,be continued
kumbukwa,be remembered
tolewa,be put out
makini,"perfect, attention, deliberate"
ndala,sandal
shukrani,"thanks, appreciation"
njiti,toothpick
pasi,iron (for clothes)
nidhamu,discipline
chochote,anything
chepechepe,"moist, soggy"
sumbufu,"bothersome, irksome"
nyenyekevu,humble
butu,blunt
nyofu,"honest, sincere, candid"
onevu,oppressive
sambasamba,"parallel, alongside"
nono,fat (animal)
nyeti,sensitive
sikivu,"attentive, teachable"
bahili,"miserly, miser"
pevu,mature
azizi,"valued, treasured"
kame,"arid, barren"
teketeke,"tender, soft"
haribifu,destructive
legevu,"slack, lax"
levi,drunken
linganifu,"symmetrical, matched"
ayari,"disloyal, cheatful"
azali,eternal
changamfu,"cheerful, sociable"
gomvi,quarrelsome
pumbavu,"foolish, stupid"
takatifu,"holy, sacred, pure, blessed"
tele,abundant
rasmi,official
shupavu,determined
kaidi,"stubborn, obstinate"
hafifu,"insignificant, of little use"
kuukuu,"worn out, old"
angavu,"bright, shining, clear"
gaidi,"rebel, bandit"
tandiko,bedding
kosa,mistake
papasi,"tick, colloquial term for street beggars/hustlers"
maadili,"moral conduct, ethics"
paji,forehead
kwapa,armpit
tango,cucumber
rembo,decoration
tokeo,"outcome, result"
agano,covenant
agano jipya,New Testament
balaa,calamity
agano la kale,Old Testament
mabaki,"leftovers, crumbs"
gudi,"dock, landing place"
kabichi,cabbage
kamari,gambling
fanusi,kerosine lamp
ngumi,fist
gauni,"gown, dress"
johari,jewel
dengu,lentils
chafya,a sneeze
forodhani,customs house
nyanya,tomato
tumaini,hope
mwelekeo,"trend, direction"
musuli,muscle
mkoba,"wallet, purse"
chubuko,a bruise
mraba,square
mwambao,coastal area
mwiba,thorn
mtandao,network
mkano,denial
mwanzo,beginning
jike,female animal
povu,"foam, lather"
dawati,desk
kovu,scar
katazo,prohibition
pafu,lung
ovu,evil
tikiti wa maji,watermelon
pumziko,"a break, resting period"
boga,pumpkin
furiko,a flood
kampuni,company
juto,"remorse, regret (n.)"
teke,a kick
jengo,building
kipara,baldness
kiota,nest
kibanzi,a splinter
kichochoro,alley
kibonyeo,a dent
kibano,"tweezers, pincers"
kipaji,talent
kinundu,knob
haki ya binadamu,human rights
haiba,personality
ukatili,cruelty
taulo,towel
chifu,chief
fulani,"something, someone or other"
fikira,thought
tende,date (the fruit)
ficho,hiding place
janja,"tricky, clever"
nadra,"rarely, unusual"
fudifudi,on the face
fofofo,"completely, soundly"
makusudi,purposely
mamoja,"the same, all the same"
yamkini,probably
takribani,approximately
bidi,obliged to
kwa sehemu,partly
pembe,"corner, angle"
pembemraba,right angle
pembetatu,triangle
pembekali,acute angle
mchwa,termites
andazi,doughnut
hudumu,service
haja,a need
bunduki,gun
kwikwi,hiccup
mvi,grey hair
pakiti,packet
mpagazi,porter
bawabu,doorman
balozi,ambassador
baharia,sailor
mwajiri,employer
mwanamuziki,musician
mwenzi,"partner, colleague"
mzinzi,adulterer
mnyapara,"foreman, overseer"
mpendwa,beloved one
mkopeaji,receptionist
msiri,confidant
mshauri,"advisor, counselor"
msanii,artist
mshindi,winner
shemeji,brotherinlaw or sisterinlaw
mzabuni,bidder
muuzaji,seller
msaliti,traitor
mkorofi,"rude, arrogant person"
mtu maskini,poor person
sadaka,"alms, sacrifice"
taslimu,cash
ripoti,"report, news item"
milia,stripe
hasira kali,fury
shule,school
chaguo,choice
ibada,worship service
juju,witchcraft spirit/power
sebule,"living room, foyer"
piga hema,pitch a tent
piga chapa,print
piga magoti,kneel
piga pasi,to iron
piga chafya,sneeze
piga kengele,ring a bell
piga sindano,give an injection
piga miayo,to yawn
piga fundo,tie a knot
piga mabawa,flap wings
piga mikono,"gesture, wave hands"
piga mluzi,whistle (v.)
piga moyo,"take heart, gain courage"
piga mstari,draw a line
piga sumu,poison (v.)
piga shauri,take advice
piga msumari,hammer a nail
piga umeme,flash lightening
piga kura,cast a vote
piga mbizi,dive (v.)
hongo,a bribe
shanga,"bead, beads"
pumzi,breath
neema,grace
konyagi,"Tanzanian gin, whiskey"
rehema,mercy
stimu,electricity
nilikuleta,I brought you
alinileta,He brought me
tutakupa,We will give you
simba alimla,The lion ate him
walimwambia,They told him
walituambia,They told us
waliniuliza,They asked me
tutawaleta,We will bring you all
tutampiga simu,We will telephone him
atawaleta,He will bring them
nilimwuliza,I asked him
mliniambia,You all told me
utakipika (chakula),You will cook it (chakula)
alivisafisha (vyumba),He cleaned them (the rooms)
wataijenga (nyumba),They will build it (house)
mtaupanda,You all will climb it (mountain)
niliwaendesha,I drove you all
tulizileta,We brought them (the clothes)
nitaipata,I will get them (the bags)
amekileta,He has brought it (the knife)
alimla,He ate him
sipendi kukupa,I do not want to give you
siwezi kuwaleta chakula,I am not able to bring them food
amsha,waken someone
hakikisha,make certain
geuza,turn around
legeza,loosen
chemsha,bring to a boil
lainisha,soften
kaza,"tighten, fasten"
ainisha,distinguish
dunisha,"make inferior, debase"
sanifisha,standardize
bahatisha,"guess, try one's luck"
rudisha,send back
sahaulisha,cause to forget
poteza,lose something
lisha,feed
tayarisha,make ready
fikisha,"convey, cause to arrive"
taabisha,"create trouble, cause suffering"
sahihisha,correct mistakes
shusha,"drop, lower"
otesha,grow plants
laza,"lay down, put to sleep"
kwamisha,"cause to get stuck, foil plans"
jaza,fill
boresha,"improve, make better"
sikiliza,listen
usawa,equality
ubora,"excellence, quality"
utabiri,forecast
uongo,"lie, falsehood"
ugaidi,terrorism
yaya,"nanny, nursemaid"
ulinzi,"defense, protection"
useramala,carpentry
uti,backbone
utii,obedience
ushindi,victory
ukosi,collar
ukuta huu,this wall
utoto wangu,my childhood
uma ule,that fork
funguo zile,those keys
uti wake,his backbone
uongo ule,that lie
uhuru wetu,our freedom
nyuso nyeupe,white faces
kurasa hizi,these pages
nyuma hizi,these forks
nyuso zao,their faces
uzito wangu,my weight
kuta zile,those walls
nitajitolea (put myself out),I will volunteer
amejikata,He has cut himself
anajiendesha,He is driving himself
tumejifunza,We have studied (educated ourselves)
mlango umejifunga,The door has shut itself
serikali ilijisifu,The government praised itself
mwili ulijipona,The body healed itself
anajipima uzito,He is weighing himself
jiko litajisafisha,The oven will clean itself
wanajioga,They are bathing themselves
anajitegemea,He is relying on himself
alijikwaa,He tripped over himself
walijinyima,They denied themselves
mshipa,vein
mkataba,"contract, written agreement"
mkano binafsi,selfdenial
mkahawa,"cafe, coffeeshop"
mkaguo,"audit, inspection"
mkeka,mat
msiba,"grief, misfortune"
mchanganyiko,mixture
mkonge,sisal plant
mtihani,"exam, test"
buldoza,buldozer
pigano,"a battle, fight"
pacha,twin
koleo,"tongs, pliers"
robota,"bundle, bale"
bonde la ufa,rift valley
ongezo,"addition, an increase"
kumbusho,reminder
blanketi,blanket
apizo,"oath, curse"
gogo,"log, tree trunk"
andiko,writing
dakizo,interruption
majivuno,boasting
kisio,estimation
safisha,clean
pasha,cause to get
harakisha,hurry someone or something
kumbusha,remind
kausha,cause to dry up
ingiza,insert
punguza,reduce
lazimisha,"compel, force"
jumlisha,add
bakiza,leave behind
karibisha,welcome someone
changamsha,cheer someone up
refusha,lengthen
aibisha,put to shame
yeyusha,cause to melt or dissolve
burudisha,"refresh, entertain"
sawazisha,"equalize, put right"
anzisha,establish
dhoofisha,"weaken, make ill"
chosa,"make tired, fatigue"
simamisha,"erect, cause to stand, stop"
achisha,bring to a stop
washa,"light (e.g., a fire or match)"
karibisho,welcome (n.)
porojo,idle chit chat
ganzi,numbness
faini,"fine, fee"
riba,interest (on a loan)
mazingira,environment
woga,cowardice
foronya,pillowcase
kemeo,"rebuke, reprimand (n.)"
gharama,expense (n.)
kauli,"opinion, viewpoint"
pete,a ring
ogopa,"be afraid, fear"
tafiti,do research
oka,bake
laumu,"blame, condemn"
lenga,aim at
shangaza,"astonish, amaze"
ita,call
kwama,"get stuck, find no way out"
maanisha,"to mean, denote"
mega,break a piece off something
saga,grind
jali,"care about, pay attention to"
jamba,to fart
guguna,"gnaw, nibble"
chubua,"to bruise, graze the skin"
barizi,relax with visitors
adimika,be scarce
nakili,make a copy
nata,be sticky
haribu,"destroy, spoil"
sifu,to praise
sikitika,grieve
kosoa,criticize
pepesuka,stagger
mimba,pregnancy
awamu,phase
barua pepe,email
faragha,privacy
radhi,goodwill
mkuki,spear
changamano,mixture
ashiki,"passion, lust"
bakora,walking stick
grisi,grease
anasa,"luxury, comfort"
rafu,shelf
staha,respect (n.)
alamu,"alarm, warning"
ngwe,small plot for farming
ole,woe
ikiwa,if
pasipo,without
ghairi ya,without
kasa,less by
baina ya,between
kadiri ya,about
kadha wa kadha,etcetera
andikiana,correspond
gongana,collide
shindana,compete
fuatana,"follow one another, accompany"
kosana,disagree with each other
kubliana,agree with each other
achana,leave each other
pigana,fight one another
afikiana,"come to agreement, compromise"
shirikiana,work together
onana,see each other
songamana,"jostle, crowd together"
wasiliana,communicate with each other
ambatana,stick together
gombana,argue with each other
zingamana,twist (e.g. river) wind together
tazamana,look at one another
saidana,cooperate
shikamana,"have together, hold together"
ahidiana,promise one another
andamana,follow in procession
farakana,estranged from each other
fukuzana,chase each other
karibiana,converge
juana,know each other
cheko,laughter
maoni,"opinions, views"
tako,butt
chachari,excitement
chemshabongo,puzzle
taya,jaw
daraka,responsibility
wimbi,wave (ocean)
tukano,abuse
konzi,"fist, fistful"
pigo,"a hit, blow"
anguko,a fall
teso,suffering
fujo,"mess, disorder"
vuli,short rainy season (Sept.ov.)
milimita,milimeter
theluthi,onethird
husudu,"jealousy, envy"
faraka,a division
defensi,defense
neemsi,good reputation
ndoana,fishhook
fidia,"payment, ransom"
waya,wire
njaa kali,starvation
finyo,"crease, narrow place"
dhiki,distress (n.)
njozi,"a vision, dream"
dhamiri,conscience
nanga,anchor
mate,saliva
bisibisi,screwdriver
ziada,surplus
ombi,"a request, begging"
bilula,faucet
bima,insurance
katani,sisal
fadhila,"favor, a kindness"
ngama,ship's hold
dua,"a petition, prayer"
divai,wine
faradhi,obligation
nyongeza,"an increase, addition, supplement"
nchi za joto,tropics
kadiri ya joto,temperature
dabwada,"old, wornout clothes"
mkojo,urine
sofa,sofa
alwatani,famous person
bakteria,bacteria
fununu,rumor
nasaba,"lineage, relationship"
shashi,tissue
wanga,starch
hima,"haste, alacrity"
kura,ballot
amari,cable
bawaba,hinge
amana,"a deposit, pledge"
kapera,bachelor
sherehe,celebration
sura,appearance
kiburi,pride
kimo,height
tuzo,"prize, award"
nguzo,pillar
mbegu,seed
leso,handkerchief
doria,a patrol
dharuba,"a blow, sudden calamity"
chembe,a grain
chawa,"a louse, lice"
hakusoma kitabu,He did not read the book
moto haukuwaka vizuri,The fire did not burn well
samaki zile hazikunuka,Those fish did not smell bad
watoto hawakucheza,The children did not play
sikutembelea dada wangu,I did not visit my sister
nyumba ile haikupakwa rangi,That house was not painted
milango haikufunga,The doors did not close
kisu kile hakikukata,That knife did not cut
simba hakuua pundamilia,The lion did not kill the zebra
twiga hakufa,The giraffe did not die
hawakukubali,They did not agree
vikombe hivi havikuvuja,These cups did not leak
mgonjwa hakufa,The patient did not die
hamkuja,You all did not come
hakuwa mwalimu mzuri,He was not a good teacher
hawakuwa na viatu,They did not have shoes
mti haukuwa mrefu,The tree was not tall
kitanda hakikuwa laini,The bed was not soft
yai halikunukia,The egg did not smell good
magari yale hayakusafishwa,Those cars were not cleaned
bunge halikukutana,Parliament did not meet
hatapika,He will not cook
sitarudi,I will not return
watoto hawatacheza ijumaa,The children will not play Friday
kitabu hiki hakitasomwa,This book will not be read
magari yale hayataendeshwa,Those cars will not be driven
daraja hili halitaanguka,This bridge will not fall
barafu hii haitayeyuka,This ice will not melt
msaada hautakuwa mkubwa,The help will not be large
bahari haitakuwa tulivu,The ocean will not be calm
nyanya hazitakua hapa,Tomatoes will not grow here
hatutakubali,We will not agree
mwezi hautaonekana usiku kutwa,The moon will not be visible all night
sali,pray
zika,bury
heshimu,"honor, pay respect"
ghairi,change one's mind
furika,"flood, overflow"
yeyuka,"melt, dissolve"
kiri,"admit, acknowledge"
nenepa,get fat
tunza,"take care of, protect"
shutumu,"upbraid, blame"
pima,"measure, weigh"
koroga,stir
hama,"move away, emigrate"
hoji,"interview, interrogate"
okoa,"save, rescue"
noa,sharpen
sisitiza,"insist, urge"
nukia,have a good smell
nyakua,snatch
sugua,"scrub, rub"
tomba,have sex
vua,undress
penya,penetrate
shenzi,uncivilized
thabiti,resolute
tiifu,obedient
furahifu,happy
fyosi,insulting
elekevu,"quick to learn, bright"
danganyifu,deceitful
chunguzi,curious
dhahiri,obvious
dugi,"dull, blunt"
bwete,dormant
chakavu,"wornout, scrap"
yakinifu,"empirical, logical, scientific"
chesi,amusing
kwaa,trip over something
rusha,throw
punja,"cheat, defraud"
onja,taste
aga,"take leave of, say goodbye"
bandika,"stick on, attach to"
shinikiza,pressurize
songa,to press
ratibu,"arrange, coordinate"
remba,decorate
bwaga,"throw off, lay down"
apa,take an oath
bwaga moyo,thow off one's cares
chanja,chop
bandua,"unstick, take off"
nyoa,shave
konda,lose weight
gutua,startle
dhili,humiliate
pinga,obstruct
yuayua,wander around
katakata,cut into pieces
saliti,betray
kunja,fold
vuna,"reap, harvest"
stahi,respect someone
tambua,"discern, recognize"
ponda,crush
kodoa,"open eyes wide, stare"
kumbatia,"hug, embrace"
kaba,"choke, throttle"
andama,follow
dhihaka,"mock, ridicule"
dhulumu,treat unjustly
buni,"design, compose"
busu,kiss (v.)
ng'oa,"uproot, dig up"
tapanya,"scatter about, disperse"
shtaki,accuse
sisimika,tingle with excitement
malaya,prostitute
bubu,dumb person
mchambuzi,analyst
chakora,street child
mchoyo,"greedy person, miser"
mfitini,misichef maker
mjukuu,grandchild
mkatili,mean person
mhindi,an Indian
mkaguzi,"inspector, auditor"
mkale,ancestor
mkarimu,generous person
msikwao,homeless person
mshupavu,determined person
mwovu,evil person
mtawa,devout person
mteswa,a victim
mwananchi,citizen
mwuzaji,salesman
chunusi,pimple
bati,"corrugated iron, tin"
bezo,"scorn, contempt"
hongera,congratulations
suluhu,reconciliation
taritibu,"method, order"
nta,"wax, beeswax"
nyonga,hip
hatia,guilt
eda,mourning period for a wife
ncha,"point, tip"
juhudi,zeal
hadhari,caution
amali,occupation
ankra,invoice
awali,"the previous, first"
zana,"gadgets, weapons, equipment"
zinaa,adultery
wino,ink
changarawe,"gravel, grit"
sidiria,brassiere
nishati,energy
ridhaa,"consent, willingness"
pongeza,congratulate
shuku,suspect (v.)
toroka,"run away, escape"
tukia,to happen
gugumiza,stammer
koroma,"snore, snort"
burura,"drag, haul"
bonyeza,"press in (i.e., press a button)"
kataa,"refuse, reject"
onya,warn
tabiri,forecast
vuja,leak
sahili,simplify
sanii,create art
salimu,greet (in the general sense)
kaanga,fry
kabili,"confront, face someone"
tafakari,meditate
sumbua,bother someone
suza,rinse
onea,oppress
fuma,"weave, knit"
chungua,scrutinize
tazama,"look at, watch"
pepesa,blink
ng'aa,"shine, glitter"
puliza,blow on something
shirikisha,"include, involve"
kimbiza,"run after, chase"
fudikiza,turn upside down
pendekeza,"suggest, recommend"
julisha,"inform, make known"
pasha moto,"warm up, heat"
gawia,"distribute, allocate"
zidisha,add more
wakilisha,appoint as agent
tajarisha,"enrich, make wealthy"
thibitisha,"prove, establish"
valisha,"put on clothes, dress"
gondamiza,compress
ajirisha,hire
aminisha,entrust
chekesha,amuse
chukiza,inspire hatred
pasha habari,inform
angusha,cause to fall
soketi,socket
kada,cadre
kabureta,carburetor
bendeji,bandage
almasi,diamond
ekseli,axle
peponi,paradise
dhihaki,"mockery, ridicule"
paredi,parade
dhahabu,gold
posho,rations
ghiliba,rivalry
kipazasauti,loudspeaker
dhati,free will
samadi ya mbolea,manure
sarafu,coin
furufuru,confusion
jamhuri,Republic
tone,"a drop, dot"
taraja,expectation
tapishi,"vomit (n.), profanity"
tisho,a threat
kope,"eyelashes, eyelid"
kumbuko,memory
kusudi,intention
pato,acquisition
korosho,cashew
kunjo,"a crease, wrinkle"
lengelenge,blister
onyeshano,exhibition
ruko,"a leap, jump"
rika,a contemporary
babaiko,"babble, meaningless talk"
makombo,"leftovers, crumbs"
rusho,a throw
burudisho,relaxation
sumbuo,annoyance
takia,cushion
achilio,"a pardon, forgivenes"
chapuchapu!,Hurry up!
fua nguo,wash clothes
kale na kale,forever and ever
pachapacha,exactly alike
tangu leo,from today forward
ota jua,sunbathe
mzima?,Are you well
pungia mkono,wave to
piga kofi,slap
niache!,Leave me alone!
sio haki,unfair
akina sisi,people like us
rika moja,same age
kila aina,all sorts
kizima moto,fire extinguisher
raha mustare,live in luxury
mgeuko mkali,sharp turn
toa njia,yield (to traffic)
kwa afya yako!,To your health!
nimeshiba,I've had enough (food)
sikuagiza kitu hiki,I did not order this
okota,pick up
shaufu,show off
tafuna,chew
rarua,"tear, rend"
tamka,prounounce
changanya,mix
chambua,"wash vegetables, fruit, etc."
pindua,turn upside down
pogoa,"lop, prune"
inama,bend down
koleza,season food
ahidi,promise
zimia,faint (v.)
zoeza,practice
wadia,be on time
filisi,ruin
filisika,go bankrupt
shinikizo,pressure
tukio,"event, happening"
pingamizi,obstacle
dokezo,a hint
jipu,"boil, abcess"
pindi,a curve
sharti,obligation
ondokeo,departure
korti,"court, tribunal"
komeo,"bolt, bar"
jahazi,a dhow
inzi,fly (insect)
fukizo,"vapour, fumes"
boriti,"pillar, post, doorframe"
malazi,sleeping place
afa,calamity
zoezi,an exercise
zingo,"a bend, twist"
bapa,broad flat surface
shirika,partnership
vuke,"vapor, steam"
kitanga,palm of the hand
kiyogo,mushroom
kizimba,"coop, hutch"
kitovu,navel
kichala,a bunch of fruit
kifijo,applause
kishawishi,"an incentive, temptation"
chano,wooden tray
kigae,a tile
kichomi,stabbing pain
kichaka,a bush
kifudifudi,"prostrate, lying face down"
kifano,something similar
kifusi,debris
kigongo,a hump
kigwe,"cord, braid"
kimbilio,a refuge
kimelea,parasite
kikosi,"troop, band"
kiyowe,a scream
kizibuo,corkscrew
kifani,something similar
kinara,candlestick
kionjo,a taste
zinga,"go around, turn around"
zoea,become accustomed to
tegemea,rely on
vunja,break
amka,wake up
linda,to guard
ota,"germinate, grow"
ota ndoto,to dream
tandika,spread out
tandika kitanda,make the bed
teleza,to slip
hifadhi,preserve
kamua,squeeze
kauka,get dry
kagua,"inspect, audit"
konga,grow old
tema,slash
tema mate,to spit
tema kuni,split firewood
kojoa,urinate
sadiki,believe
nami,with me
nawe,with you
naye,with him
mamangu,my mother
babangu,my father
mamake,his mother
babake,his father
babako,your father
mwangu,my child
badala,a substitute
tafsiri,translation
jamaa,"family, relatives"
gati,"dock, landing place"
ghala,"storeroom, warehouse"
wizi,theft
jeuri,violence
harafu,odour
maharagwe,beans
maongozi,guidance
makaburini,cemetary
malaji,diet
mazoea,habits
makaribisho,a welcoming
tope,mud
vuno,a harvest
bonge,"lump, something oversized"
chukizo,a disgusting thing
dimbwi,"a pool, pond"
danganyo,a deception
hangaiko,anxiety
jitu,a giant
bohari,warehouse
funzo,instruction
fyeko,cleared land for cultivation
genge,"precipice, ravine"
itiko,response
kao,dwelling place
umbo,"a shape, form"
fikia,"arrive, reach"
iva,be ripe
tobolewa,be bored
kosea,"err, make a mistake"
jasiri,"venture, explore"
himiza,urge someone to speed up
tumbua,rip open
gundua,startle
hasiri,to damage
toka jasho,perspire
linganisha,compare
onekana,be visible
isha,"come to an end, finish"
ghafilika,be taken unawares
tuza,to reward
tungika,"hang up, suspend"
tweza,humiliate
halifu,"disobey, rebel"
jihadhari,be cautious
hurumia,show mercy toward
ghasi,disturb
sijaanza,I have not yet started
hujasoma,You have not yet read
mzee yule hajapanda mlima huu,That old man has not yet climbed this mountain
hatujatembelea arusha,We have not yet visited Arusha
watoto wale hawajaogelea,Those children have not yet swum
mto ule haujafurika,That river has not yet flooded
jengo zile hazijapakwa rangi,Those bulidings have not yet been painted
magari yale hayajaendeshwa,Those cars have not yet been driven
vikombe havijafika,The cups have not yet arrived
vyumba vile havijasafishwa,Those rooms have not yet been cleaned
hamjajaribu kutafsiri kitabu kile,You all have not yet tried to translate that book
mbwa hajalala,The dog has not yet slept
mfanyabiashara yule hajastaafu,That businessman has not yet retired
kitambaa hiki hakijasafishwa,This cloth has not yet been cleaned
mti mrefu haujaanguka,The tall tree has not yet fallen
michezo haijachezwa,The games have not yet been played
swali lile halijaulizwa,That question has not yet been asked
mtawala,political ruler
wenzangu,my partners
mjenzi,builder
mkaidi,obstinate person
mpinduzi,a revolutionary
mpwa,"niece, nephew"
msemaji,fluent speaker
mshinde,loser
mtafiti,researcher
mwimbaji,singer
mwivu,jealous person
mtii,obedient person
mwangavu,intelligent person
wakili,an agent
mbishi,argumentative person
mpweke,lonely person
mstadi,skillful person
mrembo,welldressed person
mtangatanga,loiterer
mtumwa,slave
ushirikiano,"cooperation, partnership"
usahihi,"accuracy, precision"
ukorofi,"arrogance, coarseness"
ufasaha,clarity of language
unafiki,hypocrisy
ukaidi,stubborness
uvumi,rumor
utendaji,activity
ulafi,greed
upeo,the limit
upeo wa macho,horizon
uraia,citizenship
upweke,loneliness
wayo,footprint
kizunguzungu,dizziness
kipunguzo,a discount
kisogo,back of the head
kidimbwi,"puddle, small pool"
kijicho,malice
kipindio,"rung, step"
kishimo,"burrow, small hole"
kisasi,revenge
kipenyo,opening
kioja,"a marvel, spectacle"
kionyo,indication
kiolezo,"pattern, template"
kiyongo,"vindictiveness, illwill"
kibali,"acceptance, permit"
kileo,intoxicant
kiambaza,"partition, wall"
ghaibu,hidden
bayana,"obvious, certain"
bambam,precisely
arijo,missing the point
belele,excessively
rejareja,retail (as in merchandise)
shatashata,"juicy, rich"
pekupeku,barefoot
sembuse,let alone
salamini,safely
rojorojo,"thick, pasty, viscuous (as in soup)"
abadani,not at all
kivivu,lazily
kipunjo,slyly
ungoje,Wait (would you)
useme,Speak (would you)
uje hapa,Come here (would you)
waandikie,Write them (would you)
mwambie,Tell him (would you)
mjibu,Answer (would you all)
ningoje?,Am I to wait?
aingie?,Should he enter?
tukae?,Should we stay?
tule sasa?,Shall we eat now?
unisaidie?,Would you help me?
nitandike kitanda?,Should I make the bed?
tumpe?,Should we give him?
chakula kipikwe?,Should the food be cooked?
mishahara iongezwe?,Are the salaries to be increased?
nijaribu?,Should I try?
lazima uende,You must go
afadhali tuanze sasa,We had better start now
lazima inyeshe mvua leo,It must rain today
lazima tumwambie,We must tell him
bora aoge kila siku,It is best he bathe every day
lazima uje kesho,You must come tomorrow
bora wale sasa,It is best they eat now
afadhali viti vile vitolewe,It is preferable those chairs be put out
lazima wafanye kazi ile,They must do that work
lazima meza hii ipanguswe,This table must be dusted
bora wajifunze kesho,It is best they study tomorrow
afadhali ununue matunda,It is preferable you buy fruit
walikuja ili watuone,They came in order to see us
watoto wanakwenda ili wacheze,The children are going in order to play
nimenunua gari ili nijifunze kuendesha,I have bought a car in order to learn to drive
tulikuja ili tufanye kazi,We came in order to work
wanawinda ili wale,They are hunting in order to eat
mwambie apike chakula,Tell him to cook the food
aliwaambie waje,He told them to come
anataka nikuambie,He wants me to tell you
mwambie apange meza,Tell him to set the table
waambie waniambie,Tell them to tell me
nataka uende sasa,I want you to go now
anataka tukae hapa,He wants us to stay here
tunataka watoto wawe na vitabu,We want the children to have books
mwagize asome kitabu,Order him to read the book
jasusi,a spy
jumbe,a chief
shujaa,hero
mhamiaji,immigrant
mfasiri,translator
mjasiri,adventurer
mparuzi,careless worker
mpotevu,wasteful person
mshtaki,accuser
mshtakiwa,defendant
mtembezi,hiker
mtoro,"runaway, truant"
mwuaji,murderer
mzimu,"ghost, spirit"
mwangalizi,caretaker
mchokozi,annoying person
mchuuzi,trader
mkosaji,sinner
wimbo wa dini,hymn
benki,bank
wajibu,responsibility
filimbi,a whistle
wazimu,insanity
uvivu,idleness
utume,an errand
usaliti,"treachery, betrayal"
uaminifu,faithfulness
udongo ulaya,cement
uizi,theft
uvuvi,"fishing, fishery"
udhuru,an excuse
ujazo,capacity
ujirani,neighborhood
unyevu,"humidity, dampness"
ustadi,skill
upishi,cookery
uaji,murder
ushujaa,heroism
ugumu,hardness
ukumbi,"porch, living room"
umande,dew
upunguzi,reduction
ukaguzi,inspection
utumishi,service (n.)
uzembe,negligence
uzoevu,familiarity
uthabiti,stability
uadui,enmity
udangyifu,deceitfulness
udhalimu,injustice
mchele,husked rice
mchango,worm
mkazo,emphasis
mkonga,elephant's trunk
msumeno,saw (n.)
mwako,a blaze
mwanya,a gap
mwigo,a copy
mkakati,strategy
mbigili,thorn bush
mdundu,"drumming, rhythm"
msokoto,"a twisting, weaving"
mnong'ono,"whispering, rumors"
mfuto,cancellation
zinduka,come back to one's senses
zidi,increase
changanua,"separate, analyze"
laani,to curse
komoa,"unbar, unbolt"
jadiliana,to debate
iga,imitate
chovya,"immerse, dip"
chinja,slaughter (v.)
kisia,estimate (v.)
pendana,love one another
menya,"peel, shell"
tamani,covet
zonga,wind around
zongoa,unwind
bishana,argue with each other
kunjua,"unfold, smooth out"
kemea,"rebuke, scold"
husu,to concern
pasua,"saw, split, tear"
ogofya,frighten
stahili,deserve
starehe,be at ease
ponya,to cure
kandika,to plaster
tisha,threaten
vamia,"pounce on, attack"
vuma,"blow, rumble"
uzulu,fire (from a job)
jiuzulu,resign
vumilia,"be patient, persevere"
umba,create
jivuna,"brag, boast"
toza,seize
ungama,confess
timiza,to complete
tokea,"happen, appear"
omba radhi,beg forgiveness
tubu,repent
ufanisi,prosperity
ujasiri,daring (n.)
ufahamu,understanding
udhilifu,humiliation
ukiri,"acknowledgement, admission"
ufalme,kingdom
uzao,offspring
usukumizi,impulse
utambi,wick (candle)
utumwa,slavery
uhamaji,migration
utu,manhood
upotevu,"waste, wastefulness"
ushikamano,adhesion
unyonge,weakness
uteuzi,fastidiousness
ubovu,rotteness
ubichi,rawness
ubivu,ripeness
utamu,sweetness
uvumbuzi,discovery
uzalendo,patriotism
utafiti,inquisitiveness
uzushi,"innovation, emergence"
ulaghai,deceit
ufafanuzi,interpretation
ujira,wages
wakala,agency
kunyanzi,"a wrinkle, crease"
ghasia,disturbance
konde,field or fist
nerva,nerve
lipu,plaster
hoja,issue under discussion
fikara,meditation
fadhaa,dismay (n.)
hati,a document
hasara,"loss, damage"
nia,intention
chuchu,"tit, teat"
dhabihu,a sacrifice
roshani,balcony
tuhuma,suspicion
iktisadi,thrift
madhubuti,reliable
tukutu,restless
tawa,devout
geugeu,changeable
potevu,wasteful
haba,"scarce, rare"
madaha,attractive
tepetevu,"listless, limp"
pofu,blind
nikikaa,if I stay
ukienda,if you go
wakijibu,if they answer
mkicheza,if you all play
tukimwona,if we see him
vitu vile vikifika,if those things arrive
mti ule ukianguka,if that tree falls
chumba kile kikisafishwa,if that room is cleaned
soko hili likifungua,if this market opens
milango ile ikifunga,if those doors close
ufunguo ule ukipotea,If that key is lost
funguo zile zikipotea,If those keys are lost
ukuta ule haukianguka,If that wall does not fall
kurasa zile hazikisomwa,If those pages are not read
chakula kile hakikipikwa,If that food is not cooked
machungwa yale hayakiuzwa,If those oranges are not sold
tulia,be calm
teua,to select
tongoza,seduce
telemka,descend
ghalika,rise in price
hangaika,be anxious
gugumia,gulp down
fariji,"console, comfort"
jeruhi,to wound
kolea,be well seasoned
ambua,peel off
chocha,prod
bomoka,to collapse
shughulika,be busy
fukuza,chase away
fuga,keep livestock
kanyaga,"trample, tread on"
karipia,to rebuke
andikia,write to
wekevu,thrifty
zingativu,thoughtful
zembe,negligent
maradufu,double
usiende,Don't go
usije tena,Don't you come again
tusingoje?,Shall we not wait?
nisiende?,Am I not to go?
msile samaki ile,Don't you all eat that fish
anataka usiende,He wants you not to go
lazima watoto wasipike,The children must not cook
tulikwenda mjini kununua mkate tusipate,We went to town to buy bread but did not get any
askari walizuia watu wasiingie,The soldiers prevented people from entering
wazazi waliwakataza wasifanye kazi,The parents forbid them from working
nimevaa nguo nyingi ili nisisikie baridi,I have put on many clothes in order not to feel cold
mwambie asipike nyama,Tell him not to cook the meat
jaribu usichelewe,Try not to be late
harisha,cause diarrhea
nyosha,stretch out
dharau,despise
tajirika,get rich
fukiza,fumigate
chuuza,to trade
yugayuga,"sway, stagger"
fyeka,cut brush
egama,to lean
egamia,lean on
wiwa,owe
shikilia,hold onto
pakana,be adjacent
koma,"cease, come to an end"
minya,squeeze
kasirika,be angry
karibia,draw near
nyunya,drizzle
nyima,"withhold from, deny"
stiri,conceal
fisidi,"corrupt, seduce"
singiza,to slander
chaguliwa,be chosen
kunjwa,be folded
hukumiwa,be judged
ibiwa,be robbed
inuliwa,be lifted
sukumwa,be pushed
tindikwa,be short of
pigwa,be beaten
olewa,be married (woman)
fuatwa,be followed
tikiswa,be shaken
chukizwa,be offended
ahidiwa,be promised
daiwa,be sued
gawiwa,be divided
takiwa,be wanted
shtakiwa,be accused
pendwa,be loved
jeruhiwa,be wounded
pondwa,be crushed
katwa,be cut
kamatwa,be seized
itwa,be called
fukara,destitute person
mtongozi,seducer
mzalishi,midwife
mfuasi,follower
mdaiwa,defendant in a lawsuit
mdakizi,eavesdropper
mjeuri,violent man
mpinzani,opponent
mtepetevu,idle person
mvumbuzi,discoverer
mchungaji,herdsman
mwigizaji,actor
mkiwa,friendless person
mjuzi,"experienced, knowledgeable person"
mtani,familiar friend
mvazi,welldressed man
kakawana,"strong, wellbuilt person"
mtesa,prosecutor
mtungaji,author
mzalendo,patriot
mwamuzi,referee
mwasi,rebel
kibeti,dwarf
mtazamaji,spectator
mtume,apostle
mwokaji,baker
mteuzi,"fastidious, critical person"
mwungwana,gentleman
mteule,chosen one
malaika,angel
wanawake wale hufika mapema,Those women usually arrive early
mhudumu huja epesi,the waiter usually comes quickly
wakulima wale hupumzika jumapili,Those farmers usually rest Sunday
polisi hutaka hongo,Police usually want a bribe
sisi huenda sokoni jumamosi,We usually go to market Saturday
rafiki yangu huendesha gari langu,My friend usually drives my car
hunyesha mvua mwezi wa mei,It usually rains in the month of May
mama hula samaki,Mother usually eats fish
mwalimu husoma gazeti,The teacher usually reads the newspaper
mvulana yule hunywa maziwa,That boy usually drinks milk
mtu ambaye atakuja kesho,the person who will come tomorrow
mvulana yule ambaye anasema,that boy who is speaking
baba ambaye amelala,the father who has slept
watoto ambao walicheza jana,the children who played yesterday
wasichana ambao wanakimbia,the girls who are running
wanaume ambao walifanya kazi,the men who worked
moto ambao unawaka,the fire that is burning
mfuko ule ambao ulimpa,that bag that you gave him
mti ambao ulianguka,the tree that fell
mimea ambayo itakua,the crops that will grow
mito ile ambayo inafurika,those rivers that are flooding
mizigo ambayo umepotea,the luggage that you have lost
michezo ambayo watoto wanacheza,the games the children are playing
kitabu ambacho unasoma,the book that you are reading
kisu ambacho alisafisha,the knife that he cleaned
chakula ambacho tunakula,the food that we are eating
vitu vile ambavyo ulipokea,those things that you received
vidole ambavyo alivunja,the fingers that he broke
nyumba ile ambayo ulijenga,that house that you built
shati ambayo inakauka,the shirt that is drying
bei ambayo inapunguzwa,the price that is being reduced
suruali zile ambazo ulivaa,those pants that you wore
hema zile ambazo wana,those tents that they have
gazeti hili ambalo nasoma,this newspaper that I am reading
tofaa lile ambalo ulikula,that apple that you ate
gari ambalo nilinunua,the car that I bought
masanduku yale ambayo alifungua,those boxes that he opened
makanisa yale ambayo tutatembelea,those churches that we will visit
matunda haya ambayo watakula,this fruit that they will eat
ugali ule ambao anapika,that ugali that he is cooking
ukuta huu ambao mlijenga,this wall that you all built
uso ambao uliona,the face that you saw
ufunguo ule ambao umepotea,that key that you have lost
uzi ambao anatumia,the thread that he is using
funguo zile ambazo walinipa,those keys that they gave me
nyembe zile ambazo ulinunua,those razors that you bought
kuta zile ambazo watajenga,those walls that they will build
kurusa zile ambazo mtasoma,those pages that you all will read
bembea,swing
nguruma,"growl, rumble"
patana,agree
pisha,allow to pass
sitawi,prosper
sokota,twist
fungasha,to pack
chechemea,to limp
chokoza,provoke
fumba,"mystify, puzzle"
lingana,to match
jifanya,pretend
kalamkia,outwit
katiza,cut short
lilia,weep for
memeteka,sparkle
himidi,to praise (God)
tuhumu,to suspect
nuna,"sulk, grumble"
shtusha,"startle, jerk"
kongoja,walk feebly
kupuka,rush away
pepea,"to wave, fan"
babaika,babble
chapua,speed up
fafanua,"make clear, clarify"
lowa,"get soaked, drenched"
pote,"all places, everywhere"
penye,place near (with)
mahali pengine,another place (definite)
mahali pabaya,a bad place (definite)
mahali pazuri,a good place (definite)
mahali pamoja,one place (definite)
mahali peusi,a dark place
(mahali) pangu,my place
(mahali) pao,their place
mahali pengi,many places (definite)
mahali pa siri,a secret place
mahali pa hatari,a dangerous place
mahali palikuwa padogo,The place was small
mahali panafaa,The place is suitable
(mahali) pana miti hapa,There are trees here (definite)
nilitafuta penye daraja,I searched near the bridge
pale patakuwa na chakula kizuri,That place will have good food
pale hapatakuwa na kazi,That place will have no work
hapana mbwa hapa,There is no dog here
taalamu,wellinformed
chali,flat on one's back
marufuku,forbidden
stahivu,honorable (adj)
tukufu,glorious
pogo,lopsided
benibeni,"askew, awry"
enye hadhari,cautious
a sumu,toxic
goigoi,"lazy, useless"
bilashi,in vain
aghalabu,"as a rule, more often than not"
bila wasiwasi,carelessly
faharisi,"index, table of contents"
mustarehe,"repose, comfort"
tenki,tank (gas)
friji,"fridge, refrigerator"
feni,fan (electrical)
jinzi,jeans
maneja,manager
pini,pin (n.)
mandhari,"scene, view"
kuvu,"mold, mildew"
chanuo,a comb
marijani,coral
ongezwa,be increased by
ongezewa,receive an increase
letewa,be brought to
ondolewa,be taken away
salamiwa,be greeted
mchoro,engraving
mwujiza,miracle
mbuyu,baobab tree
mbenuko,"bulge, protusion"
mchirizi,gutter
mdukuo,"a poke, nudge"
mfiko,access (n.)
mfo,"watercourse, torrent"
mkoko,mangrove
mlungula,blackmail
mnada,an auction
mpindano,a cramp
mng'aro,brightness
mparuzo,"a scratch, rough work"
mpingo,ebony
mshale,arrow
mshuko,descent
mstatili,rectangle
mshipi,sash
mtaimbo,crowbar
mwali,"a ray, flame"
mvungu,cavity
mteremo,cheerfulness
mtatizo,entanglement
mzingo,circumference
mzaha,joke
mzinga,beehive
mwaliko,summons
mawnzi,bamboo
mundu,"scythe, sickle"
sadikisha,convince
nadhifisha,tidy up
nenepesha,fatten
rekebisha,"put together, assemble, make right"
kasirisha,to anger someone
nyamazisha,to silence
fikirisha,make one think
zalisha,assist in a birth
adibisha,train in good manners
bainisha,clarify
huisha,give life to
kosesha,lead astray
imbisha,"lead a singing group, conduct"
suluhisha,reconcile
ajabisha,"astonish, amaze"
adilisha,"moralize, edify"
tikisha,cause to shake
pofusha,blind someone or something
ambatisha,"affix, cause to adhere"
tatanisha,"perplex, confound"
imarisha,make firm or stable
rahisisha,"simplify, make easier"
katua,to polish
ezeka,to thatch
shawishi,inducement
zimika,"go out, be extinguished"
pwa,"ebb, dry up"
funguu mzigo,unpack
tambaa,"crawl, creep"
kokota,drag along
eneza,"spread abroad, fit"
chekelea,smile (v.)
achilia,"forgive, pardon"
kwaruza,"grate, graze"
komba,hollow out
chochea,"stir up, provoke"
chuja,"filter, strain"
kongoka,come apart
tetemeka,tremble
tatiza,"puzzle, perplex"
oza,"rot, spoil"
tibua,"stir up, arouse"
nepa,sag
tumika,be useful
nasa,"trap, ensnare"
ambaa,"avoid, skirt"
wasifu,describe
sukuta,"gargle, rinse mouth"
zuka,appear suddenly
tiwa,be put
umwa,be hurt by
lindwa,be guarded
liwa,be eaten
kimbizwa,be driven or forced away
ambiwa,be told
anguliwa,be taken down
jengwa,be built
heshimiwa,be honored
fungwa,"be fastened, be closed"
tegemewa,be relied on
pokewa,be received
aminiwa,be believed
chukiwa,"be hated, disliked"
epukwa,be avoided
fichwa,be hidden
okolewa,be saved
shonwa,be sown
oshwa,be washed
shindwa,"be overcome, defeated"
samehewa,be forgiven
kaangwa,be fried
adhibiwa,be punished
lambwa,be licked
tanzi,"loop, noose"
tanuu,kiln
riziki,"food, provisions, vital needs"
mbalamwezi,moonlight
rai,opinion
manyunyu,"light rain, drizzle"
macheo,"sunrise, sunset"
kaango,frying pan
kamsa,an alarm
nadhari,choice
almaria,"embrodery, beads"
altaneta,alternator
nyika,"dry grassland, steppe"
jadi,"tradition, lineage"
stakabadhi,receipt
amasa,urgent business
kwata,"drill, military parade"
shono,sewing
pengo,"gap, notch"
penzi,"desire, will"
maono,feelings
tao,"arch, curve"
ulezi,upbringing
usia,"directions, a will"
uangalizi,"observation, guardianship"
ubainisho,clear evidence
ufupisho,summary
gadi,"pole, pillar, support"
gao,a handful
mabishano,"disputes, contention"
jabali,rocky prominence
jaji,a judge
gofu,"ruins, broken down house"
mafikiano,agreements (pl.)
machimbo,"mines, quarry"
amuzi,"decision, verdict"
ondolewo,removal (n.)
oteo,an ambush
patanisho,reconciliation
gome,"tree bark, shell"
pambizo,margin
mtu yupi?,which person?
watu wepi?,which people?
mkate upi?,which bread?
mikoa ipi?,which regions?
kidole kipi?,which finger?
vidole vipi?,which fingers?
meza ipi?,which table?
sahani zipi?,which plates?
sanduku lipi?,which box?
magari yapi?,which cars?
ukurasa upi?,which page?
funguo zipi?,which keys?
tawaliwa,be ruled by
zibwa,be stopped up
sadikiwa,be believed
shawishiwa,be persuaded
kingwa,be protected
karibishwa,be welcomed
hasiriwa,"be damaged, incur loss"
hifadhiwa,be preserved
funikwa,be covered
fikiriwa,"be considered, thought of"
danganywa,be deceived
chujwa,be strained
chunguliwa,be scrutinized
baguliwa,be segregated
bomolewa,"be ruined, demolished"
arifwa,be informed
ajiriwa,be hired
banduliwa,be stripped off
furahiwa,be rejoiced at/by
achwa,be left (behind)
agizwa,be ordered
aibishwa,be put to shame
aguliwa,be predicted
unadhifu,neatness
uangalifu,carefulness
uchu,a craving
upinzani,opposition
upara,bald head
usitawi,prosperity
ushupavu,"determination, obstinacy"
utani,familiar friendship
utambaazi,a trail
udadisi,curiosity
ubinadamu,human nature
ukiwa,loneliness
uchovu,"tiredness, exhaustion"
ujasusi,spying
ukumbuko,"recollection, remembrance"
ufupi,shortness
ufundi,craftmanship
ubaradhuli,gullibility
ukavu,dryness
ujuvi,impudence
ubaba,fatherhood
uasi,disobedience
uchanga,immaturity
ukame,desolation
uharimia,piracy
ufuatano,sequence
ushawishi,persuasion
udani,secret grudge
ulazi,sorcery
ulingano,harmony
urithi,inheritance
usimamizi,oversight
upole,gentleness
upuzi,nonsense
ubatili,worthlessness
ubalehe,puberty
ujinga,"folly, stupidity"
urembo,ornamentation
utelezi,slipperyness
utawa,religious devotion
uzima,"life, health"
uzingo,halo
uwanda,"plateau, plain"
ukombozi,ransom
uvutano,mutual attraction
utumizo,completion
ushuru,"tariff, tax"
ufasiki,"vice, debauchary"
ubadilifu,changeableness
usikivu,attentiveness
ukufuru,blasphemy
umaridadi,smart appearance
unajisi,"defilement, pollution"
unyang'anyi,"seizure, usurpation"
umati,a crowd
ushuhuda,witness
upawa,ladle
uzuizi,"constraint, disadvantage"
utepetevu,listlessness
utukufu,glory
utaji,a veil
utaritibu,orderliness
udumu,perseverance
ubini,forgery
ukahaba,prostitution
uhamisho,banishment
ufukara,destitution
unyamavu,quietness
uoni,sight
utepe,"tape, ribbon"
balehe,reach puberty
benuka,"protrude, bulge out"
chorachora,to scribble
chujuka,fade
dhani,"suppose, think"
ramba,lick
lipuka,"flare up, explode"
nufaika,prosper
nywea,"shrink, shrivel"
nong'ona,to whisper
puma,throb
rudufya,double (v.)
ramisi,amuse oneself
saili,to question
shambulia,attack (v.)
takasa,"make bright, cleanse"
tahayari,be ashamed
tangatanga,"loiter, dawdle, stroll about"
thubutu,to dare
tenga,set apart
wanda,get fat
simamia,superintend
patiliza,"punish, visit upon"
omboleza,lament
ghuba,gulf
adhama,"honour, glory"
ahera,"afterworld, next life"
dhana,"supposition, conjecture"
ramli,divination
redio,radio
mafua,"cold, flu"
ajizi,"slackness, negligence"
advansi,advance
ramsa,"merry making, celebration, fair"
rasilimali,"assets, capital"
kafara,a sacrifice
nondo,moth
mbingunu,heaven
dalasini,cinnamon
ghofira,absolution
afu,deliverance from calamity
machela,"hammock, stretcher"
abiri,travel as a passenger
tirika,trickle
ng'amua,realize
lalamika,complain
jadili,discuss
kwea,"climb, ascend"
ambata,stick to
rairai,"flatter, cajole"
gaagaa,roll from side to side
agia,"befit, suit"
amia,chase birds away
gubika,cover completely
kwatua,"clean up, beautify"
lemea,to burden
lungula,to blackmail
kidhi,satisfy
komboa,"redeem, emancipate"
sharabu,"absorb, saturate"
sihi,"entreat, beseech"
tanua,"stretch out, expand"
kera,irritate
hamaki,"act rashly, anger quickly"
afua,"save, deliver"
tekanyara,"abduct, kidnap"
aibishana,put each other to shame
aibika,be in disgrace
ainika,specified
raruka,torn
lainika,torn
tatanua,"disentangle, clear up confusion"
kawisha,fall into arrears
husuda,"be jealous, envy"
tua,"set down, land (e.g., a plane)"
rehemu,"pity, for sorry for"
tokomeza,decimate
liwaza,"console, comfort"
tengenezo,a repair
pindo,hem
tojo,"incision, tattoo"
bobo,"mudhole, soft spot"
suke,ear of corn
gudulia,"pitcher, jar"
pambo,adornment
jeshi,army
poromko,"landslide, waterfall"
tegemeo,a support
sega,honeycomb
azimio,"plan, intention, declaration"
pito,path
bingwa,"champion, expert"
shikio,"handle, rudder"
tusi,an insult
shuhuda,testimony
gamba,"bark, fish scale"
ambo,"glue, gum"
bata,duck
bikira,virgin
fahali,bull
fuvu,"skull, shell"
jangwa,desert
maishi la kazi,career
muhogo,cassava
lami,"tar, tarmac"
rehani,"pledge, security"
rasi,"promontory, cape"
ratili,a pound
tosti,toast
krimu,cream
poda,powder
miwani ya jua,sunglasses
dawa ya meno,toothpaste
raba,"eraser, rubber"
shampu,shampoo
kuungua,a burn (skin)
kikohozi,a cough
kuungua jua,sunburn
ufizi,gums (of teeth)
katikati ya usiku,midnight
glopu ya taa,light bulb
kamba ya viatu,shoelace
mhitaji,person in need
mjumbe,a delegate
mnyenyekevu,humble person
mnyonge,weak or sick person
mpangaji,"renter, tenant"
mkinzani,obstructionist
mshaufu,"showy, frivolous person"
mnyofu,"upstanding, trustworthy person"
msuluhishi,reconciler
mtendaji,"doer, active person"
mtangulizi,"pioneer, innovative leader"
mstiri,concealer
msomaji,reader
mnyamavu,silent person
mnadi,auctioneer
mkongwe,very old person
mheshimiwa,The Honourable
mchukuzi,porter
fundi wa mabomba,plumber
mfidhuli,insolent person
niliye,I who am
uliye,you who are
aliye,he who is
mwite mtu aliye daktari,Call someone who is a doctor
walio,they who are
watoto walio wageni,Children who are guests
tulio,we who are
kitu kilicho,the thing which is
lete kiti kilicho pale,Bring the chair which is over there (definite location)
viti vilivyo,the chairs which are
mto ulio pana,the river which is wide
mimea iliyo mirefu,the crops which are tall
angusha miti iliyo mirefu,Cut down the trees that are tall
duka liliyo nzuri,the shop which is nice
maduka yaliyo madogo,The shops which are small
wiki iliyopita,last week (the week which has passed)
sababu zilizo halali,the reasons which are valid
vitu visivyo hapa,things which are not here
watu wasio hapa,the people who are not here
usiye,you who are not
mwalimu asiye mwema,the teacher who is not nice
tusio,we who are not
msio,you all who are not
wasio,they who are not
chakula kisicho joto,food which is not hot
visivyo,they which are not (ki/vi)
isiyo,it which is not (n/n)
zisizo,they which are not (n/n)
lisilo,it which is not (jma/ma)
magari yasiyo mapya,the cars which are not new
milima isiyo mirefu,mountains which are not tall
nichekaye,I who laugh
uchekaye,you who laugh
achekaye,he who laughs
tuchekao,we who laugh
mchekao,you all who laugh
wachekao,they who laugh
ujaye,you who come
tulao,we who eat
mwezi ujao,next month (the month which comes)
maji yachemkayo,the water which boils
daraja livukalo mto,a bridge which crosses a river
kisu kikatacho vibaya,a knife which cuts badly
watu wakaao hapa,people who stay here
mbwa watapikao,dogs who vomit
njia izungukayo mlima ule,a road which goes around that mountain
ndege warukao juu sana,birds which fly very high
wagonjwa walalao,patients who sleep
kote,all around
ko kote,"all about, anywhere about"
kwenye,"the area around, area having"
kuzuri,a nice area (indefinite)
kukubwa,a big area
kuchache,a few areas
kumoja,one area
kwingi,many areas
kwingine,another area
kweusi,a dark area
huku kwa hatari,an area of danger
huku kwa uzuri,an area of beauty
jipatia,acquire for oneself
jitahidi,make an effort
jitegemea,rely on oneself
guswa,be touched by
laaniwa,be cursed by
saidiwa,be helped by
lipwa,be paid by
tishwa,be threatened by
madoadoa,"spots, mottling"
mauzo,marketing
sikitiko,"grief, regret"
badiliko,change (n.)
suto,public accusation
mauti,death
mateka,"war plunder, captives"
hojiano,"interview, interrogation"
malisho,pasture
mashudu,"dregs, residue"
matakwa,"wants, desires"
aina ya neno,part of speech
dhamira tegemezi,subjunctive
elimumitindo,stylistics
fonetiki,phonetics
fonolojia,phonology
isimu / isimu ya lugha,linguistics
isimu amali,pragmatics
isimu jamii,sociolinguistics
isimu matumizi,applied linguistics
jina / nomino,noun
jina la mahali,locative noun
kauli halisi,direct statement
kauli iliyotajwa,indirect statement
kiambishi,affix
kiambishi awali,prefix
kiambishi awali cha jina,nominal prefix
kiambishi awali cha kiima / kiambishi cha kiima,subject prefix
kiambishi kati,infix
kiambishi kati cha kujirejea,relative infix
kiambishi kati cha shamirisho,object infix
kiambishi tamati,suffix
kiarifu,predicate
kibainishi,article
kibainishi kisicho dhahiri,indefinite article
kibainishi wazi,definite article
kielezi cha idadi,"adverb of quantity, adverb of frequency, adverb of degree"
kielezi cha mahali,locative adverb
kielezi cha namna,adverb of manner
kielezi cha wakati,temporal adverb
kifupisho cha kimilikishi,possessive contraction
kihisishi,interjection
kihusishi,preposition
kiima / mtenda,subject
kimilikishi,possessive
kionyeshi,demonstrative (adjective or pronoun)
kionyeshi rudufu,reduplicated demonstrative
kirai,phrase
kirai shawishi,tag question
kirejeshi,relative construction
kirejeshi bila tensi,tenseless relative
kirejeshikati,infixed relative
kishazi,clause
kishazi cha kihusishi,prepositional clause
kitenzi cha kuamrisha,imperative verb
kitenzi cha kufanya,active verb
kitenzi cha kufanywa,passive verb
kitenzi elekezi,transitive verb
kitenzi kisaidizi,auxiliary verb
kitenzi kishirikishi,copula
kitenzi kisoelekezi,intransitive verb
kitenzijina,"verbal noun (gerund, infinitive)"
kiunganishi,conjunction
kivumishi angama,attributive adjective
kivumishi arifu,predicate adjective
kivumishi cha idadi,"quantifier, adjective of quantity"
kivumishi cha kuonyesha / kivumishi cha kuonesha,demonstrative adjective
kivumishi cha kuuliza / kivumishi kiulizi,interrogative adjective
kivumishi kimilikishi,possessive adjective
kivumishi kionyeshi / kivumishi kiashiria,demonstrative adjective
kiwakilishi cha kuuliza / kiwakilishi kiulizi,interrogative pronoun
kiwakilishi cha nguvu,intensive pronoun
kiwakilishi cha sifa,"adjectival pronoun, nominalised adjective"
kiwakilishi kimilikishi,possessive pronoun
kiwakilishi kirejeshi,relative pronoun
kiwakilishi kisicho dhahiri,indefinite pronoun
kiwakilishi nomino,pronoun
lahaja,"dialect, variant"
mnyambuliko,verb extention
mnyambuliko wa kufanyia,applicative extention
mnyambuliko wa kufanyika,stative extention
mnyambuliko wa kufanyiza,causative extention
mnyambuliko wa kufanyua,reversive extention
mnyambuliko wa kufanywa,passive extention
mofimu,morpheme
mofolojia,morphology
mwanaisimu,linguist
namba ya jina,nominal number
neno lililohotolewa,"adopted word, loanword"
ngeli,noun class
nomino / jina,noun
nomino kamili / nomino ya pekee / nomini ya kipekee,proper noun
nomino ya dhahania,abstract noun
nomino ya kawaida,common noun
nomino ya makundi / nomino ya jumla,collective noun
semantiki,semantics
sentensi sharti,conditional sentence
sentensi ya kukubali,affirmative sentence
shamirisho / mtendwa,object
shamirisho yambiwa,indirect object
shamirisho yambwa,direct object
sintaksi,syntax
tensi timilifu,perfect tense
tensi ya maneno mawili,twoword tense
uambishaji,agglutination
ufupisho / kidokezo / muhtasari,synopsis
ulinganishaji,comparison
urudufu,reduplication
wakati / tensi,tense
wakati ujao,future tense
wakati uliopita,past tense
wakati uliopo,present tense
wakati uliopo sahili,simple present tense
wakati uliopo unaoendelea,present continuous tense
wakati uliopo wa kawaida,habitual present tense
wakati usiotimilifu / tensi isiyotimilifu,imperfect tense
kazi,"job, work (n/n) / work / job, work (n/n) / work / function"
kielezi,adverb (ki/vi) / adverb
kitenzi,verb (ki/vi) / verb
kivumishi,adjective (ki/vi) / adjective
kukanusha,to contradict (v. inf.) (causative) / negation
lafudhi,"accent / accent, way of speaking"
maana,"meaning, cause, reason (n/n) / meaning / meaning, cause, reason (n/n) / meaning"
neno,word (ji/ma) / word / word (ji/ma) / word
sarufi,grammar (n/n) / grammar / grammar (n/n) / grammar
sentensi,sentence (n/n) / sentence / sentence (n/n) / sentence
tangazo,"announcement (ji/ma) / announcement, notice / announcement / announcement (ji/ma) / announcement, notice / announcement / declarative sentence"
umoja,unity (u/u ) / unity / unity (u/u ) / unity / singular
wingi,"plenty, many (adj. cl. 2) / plural"
lengo,Purpose
hasa,About
kutatoliwa,to be sorted
kwa ujumla,all together
kufanfunua,to explain in depth
mpimzani,opponent
inashindikana,it is impossible
kutekwa,to be held hostage
barazaidi,best
nyekundu,red
njano,yellow
kijani kibichi,green
rangi bahari,blue
kijivu jiuu,grey
katiba,constitution
kususia,to denounce
kufeli,to fail
kuchukia,to take
kadhaa,several
na kadhaalika,etc
miali,flames
mlipuko,explosion
kulipuka,to explode
kujeruha,to be injured
kutanda,to roll
angani,sky
uhasama,violence
kutega,to trap
jambo lolote,anything
kuandama,to attack
kupotosha,to mislead
umma,the public
wadau,shareholders
msimamo,position
kuto,negative infinitive
kuburudika,to have fun
kwa msingi huo,on that basis
kuhusisha,to be linked
kurotibwa,to be coordinated
kushiriki,to cooperate
ikiwemo,including
taji,crown
kunyakua,to grab
ujumla,overall
kuvuruga,to violate
ndio yeye,it's him
kusalia,to remain
kuondolewa,to be removed
kusongamara,to be crowded/congested
kukumba,to suffer
kutaa,to drop
machozi,tears
kutawanya,to disperse
kwa lazima,by force
sugu,chronic
dhidi,against
kudhirilisha,to proove
haja ya,in need of
kupuuzilia,to deny
kushimikiza,to pressure
kujiuzuru,to resign
upinzari,opposition
kinaa,extensive
waziri mkuu,prime minister
barozi,ambassador
jamuhuli,republic
dhifa,dinner
aye,"infix, to continue"
muuhusiano,links
kuwasihi,to be distracted
kuzuiliwa,to be isolated
kuhudhuria,to attend
kutuhumu,to alledge
kuasiliana,to communicate
ikulu,seat of power
matatizo,troubles
changamato,challenges
myomge,thin
kushakuwa,to become
kutulia,to calm
chuo,college
kutunuku,to honour (someone)
uzamivu,doctorate
uhamishari,exile
baadhi ya,some of
mtaala,curriculum
fani ya,ongoing
kuchipuka,upcoming
nyayo,costume
janii,community
kuibua,to raise
kutafakari,to reflect
upo uwezekano,it is likely
mwanamgambo,militants
kuuwawa,to be killed
kuvalia,to be disguised as
kushambulia,to attack
kutuhumia,to suspect
kupora,to loot
kutolewa,to release
kushuku,to accuse
kupitika,to be passable
watabiri,forecasters
kutarajiwa,to be expected
vifo,deaths
nyani,monkey
pumbafu,stupid
kutishia,to threaten
udhibiti,control
haki za binadamu,human rights
kusihi,to council
pande,side
kigaidi,terrorist
yuu ya,about/regarding
wanamgambo,rebels
akina,connections
kubariki,to bless
boroti,thick pole
kuchambua,to grade
kuchota,to scoop up
kudai,to claim
fagio,broom
kugoma,to go on strike
hanamu,sloping
kujitahidi,to make an effort
kukaribia,to draw near
kibao,signpost
kijiti,peg
kinanda,piano
kukodi,to rent
kofi,open hand
kujoa,to urinate
kukonda,to get thin
laiti!,if only!
kulenga,to aim
magugu,weeds
mashua,boat
matandika,bedding
mavuno,harvest
mbinguni,heaven
mbio,speed
mbweha,fox
mkebe,tin can
mojawapo,one of
ndovu,elephant
kunyoka,to be straight
kunyunyiza,to sprinkle
kuosha,to wash clothes
kupakia,to load
popo,bat (animal)
kusadiki,to believe
kusaga,to grind
kusambaa,to be scattered
seng'eng'e,wire
shababa,target
shina,tree trunk
sikukuu,special day
kusogeo,to move over
tagazo,poster
funguo,key
uhai,life
nanny,yaya
soul,roho
thorn,mwiba
kubagua,to discriminate
wakimbizi,refugees
kushambuliwa,to be attacked
kuitika,to respond
wakatiwa,during
mtafsiri,translator
makumbusho,museum
fundishaerahani,tailor
mwombaji,beggar
ni marufuku,it's forbidden
kondoo,lamb
kuamkia,to greet
kuchakaa,to age
wileya,province
mauaji,killings
kudhibiditi,to control
kusemekana,to dispute
kuicharaza,to beat
fursa,a chance
wajukuu,grandchildren
matajini,rich people
mweshimwa,honourable
mzaliwa,a native
kushangilia,celebration
mawazo,thoughts
mashikika,NGO
wapo,among
kugawanya,to divide
kuzidisha,to multiply
ushauri,advice (u/u ) / advice
chuki,hatred
kutatua,1. to solve (v. inf.) 2. to untangle (v. inf.) / to solve
kuzidi,"to exceed, increase (v. inf.) / to outdo"
ukuta,wall (u) / wall / wall (u) / wall
kinyume,the opposite / against
mamlaka,"power, authority / the state"
kupiga kura,to vote (to punch a ballot) (v. inf.) / to vote
madaraka,"responsibilities, appointments (ji/ma) / responsibility / responsibilities, appointments (ji/ma) / responsibility / power/position / power"
haki,"justice (n/n) / right, justice / justice (n/n) / right, justice / truth / justice"
idadi,number
mtaa,Neighborhood (m/mi) / locality
kufuta,1. to clear (v. inf.) 2. to cancel (v. inf.) 3. to hate (v. inf.) / to cancel
kilio,"a cry, mourning, difficulty (ki/vi) / cries"
taasisi,"institute, institution / institute"
vyombo,"kitchen stuff, utensils (ki/vi) / valuables"
tabia,"behaviour (n/n) / character, behavior / behaviour (n/n) / character, behavior / behaviour"
kutosha,to be enough (v. inf.) / to suffice/to satisfy
msingi,"base, foundation (m/mi) / foundation, basis / base, foundation (m/mi) / foundation, basis / foundation"
wizara,ministry (govt.) (n/n) / ministry
utamaduni,"culture, civilization (u/u ) / culture"
burudani,entertainment (n/n) / entertainment / entertainment (n/n) / entertainment
idara,department (n/n) / department
aidha,"moreover, furthermore, also (adv.) / moreover / moreover, furthermore, also (adv.) / moreover / furthermore"
tawi,a branch / branch
kutupa,"to throw, cast away (v. inf.) / to throw"
mawe,stones
kuongea,"to talk, chat (v. inf.) / to talk"
utawala,"administration, regime (u/u ) / administration, government / administration, regime (u/u ) / administration, government / rule"
kutaja,"to mention, to announce (v. inf.) / to mention/ to joke"
ushahidi,"proof, evidence, testimony (u/u ) / the witness"
huduma,service (n/n) / service / service (n/n) / service / care
nguvu,"strength/s (n/n) / strength, power / strength/s (n/n) / strength, power / force"
waziri,minister (ji/ma) / government minister / minister (ji/ma) / government minister / minister
bunge,parliament (ji/ma) / parliament / parliament (ji/ma) / parliament / deputy/parliament
kuabudu,to worship (v. inf.) / to worship
muhimu,important (adj. class ignored) / important / important (adj. class ignored) / important
sera,policy
kudhuru,to harm (v. inf.) / to harm
kuandaa,"to prepare, to plan"
raia,1. citizen (ji/ma) 2. citizenship (n/n) / citizen / 1. citizen (ji/ma) 2. citizenship (n/n) / citizen / population
udugu,"brotherhood, kinship (u/u ) / brotherhood / brotherhood, kinship (u/u ) / brotherhood"
utulivu,"peacefulness, calm / ceasefire"
chuo kikuu,university (ki/vi) / university
maarufu,"famous, wellknown / famous"
chango,"hook, peg / contribution"
jani,leaf (ji/ma) / leaf / leaf (ji/ma) / leaf / society
huruma,"pity, compassion (n/n) / pity, sympathy / pity, compassion (n/n) / pity, sympathy / pity"
jimbo,state (ji/ma) / state
dhoruba,storm
majira,period. season (n/n) / season / period. season (n/n) / season
kusababisha,"to cause, to give as a reason for (v. inf.) (causative) / to cause"
theluji,snow (n/n) / snow / snow (n/n) / snow
hivyo,that/those (demonst. cl. 8) / so
onyo,"warning, advice, indication (ji/ma) / warning / warning, advice, indication (ji/ma) / warning"
ishara,"a sign, signal / sign"
kuvamia,to invade
kuepuka,to evade (v. inf.) / to avoid
adabu,"politeness (n/n) / manners, politeness / politeness (n/n) / manners, politeness / manners"
adhabu,punishment (n/n) / punishment / punishment (n/n) / punishment / punishment (n/n)
afisa,officer
aibu,"shame, disgrace, embarrassment / shame"
aina,"nature (n/n) / kind, type, sort / nature (n/n) / kind, type, sort / kind/species"
ajabu,"wonder, amazing thing (n/n) / a wonder, marvel / wonder, amazing thing (n/n) / a wonder, marvel / wonder"
amri,"command, directive, authority (n/n) / a command, order / command, directive, authority (n/n) / a command, order / command, imperative / command, directive, authority (n/n) / a command, order / command, directive, authority (n/n) / a command, order / command, imperative / order (command)"
asili,"cause, origin (n/n) / origin, source / cause, origin (n/n) / origin, source / origin"
bakuli,"bowl, basin / basin"
kubandika,to stick onto (v. inf.) / to stick onto
bara,"upcountry, inland areas continent (as in Bara Hindi) (n/n) / mainland, continent / upcountry, inland areas continent (as in Bara Hindi) (n/n) / mainland, continent / continent"
bidhaa,merchandise
bivu,ripe (fruit) / ripe / ripe (fruit) / ripe
budi,alternative
burashi,brush
chaki,chalk (n/n) / chalk / chalk (n/n) / chalk
kupiga chapa,"to print (v. inf.) / to print, to type"
cheo,"rank, status / rank"
chui,leopard (n/n) / leopard / leopard (n/n) / leopard
kuchuma,"to earn, gather (v. inf.) / to gather"
chura,toad (ki/vi) / frog / toad (ki/vi) / frog
daftari,notebook / register
desturi,custom (n.) / custom
dhambi,sin (n/n) / sin / sin (n/n) / sin
dini,religion (n/n) / religion / religion (n/n) / religion
dobi,"laundry person, the dry cleaner's"
elimu,education (n/n) / education / education (n/n) / education / knowledge
figo,kidney
fimbo,a stick / walking stick
fisi,hyena (n/n) / hyena / hyena (n/n) / hyena
fitina,discord
fundo,knot
gundi,glue
gunia,"bag, sack / sack"
hadi,until
halmashauri,council (n/n) / council / council (n/n) / council / committee
harufu,odour (n/n) / the smell
hasira,anger
hekima,wisdom
herufi,"letter, letter of the alphabet (n/n) / letter of the alphabet / letter, letter of the alphabet (n/n) / letter of the alphabet / letter (alphabet)"
hewa,air (n/n) / air / air (n/n) / air
hofu,"fear, appehension / fear"
hotuba,"address, speech, sermon (n/n) / sermon, speech / address, speech, sermon (n/n) / sermon, speech / speech"
jaribio,"experiment (ji/ma) / trial, attempt / experiment (ji/ma) / trial, attempt / experiment"
jeraha,"injury, wound, sore (ji/ma) / injury / injury, wound, sore (ji/ma) / injury / wound"
kukagua,to inspect (v. inf.) / to inspect
kale,"the past, old times, former ages / old times"
kamusi,dictionary
karata,cards (playing) (n/n) / playing cards
kelele,"noise, shouting / noise"
kifo,a death (ki/vi) / death / a death (ki/vi) / death
kinyozi,barber
kipepeo,butterfly (ki/vi) / butterfly / butterfly (ki/vi) / butterfly
kiroboto,a flea / flea
kitana,a comb / comb
kiungo,joint
kufuli,"padlock, deadbolt (ji/ma) / padlock / padlock, deadbolt (ji/ma) / padlock"
kulabu,"a hook, anchor (n/n) / hook"
kutu,rust (n/n) / rust / rust (n/n) / rust
maelezo,information (ji/ma) / explanation
maendeleo,"development, progress (ji/ma) / progress / development, progress (ji/ma) / progress"
maiti,corpse ( ma/ma) / corpse / corpse ( ma/ma) / corpse
malkia,queen (n/n) / queen / queen (n/n) / queen
mamba,crocadile / crocodile
mapatano,agreement
mapato,income
mazao,"crops, produce / crops"
mchanga,1. baby (newborn) (m/wa) 2. sand (m/mi) / sand
mchuzi,"sauce (m/mi) / sauce, gravy, soup / sauce (m/mi) / sauce, gravy, soup / sauce"
mdomo,mouth (m/mi) / lip / mouth (m/mi) / lip
meli,"boat, ship (large) (n/n) / ship"
kumenya,to peel (v. inf.) / to peel
mfalme,king (m/wa) / king / king (m/wa) / king
mfano,example (m/mi) / example / example (m/mi) / example
mhuni,a vagrant / rogue
kupiga miayo,to yawn (v. inf.) / to yawn
mifugo,livestock
miwani,glasses (n/n) / spectacles / glasses (n/n) / spectacles
mjanja,cunning person
mkasi,scissors (m/mi) / scissors / scissors (m/mi) / scissors
mlevi,"1. an alcoholic (m/wa) 2. drunk (adj. cl. 1, 3) / drunkard / 1. an alcoholic (m/wa) 2. drunk (adj. cl. 1, 3) / drunkard"
mlingoti,"mast, pole / pole"
mnara,"tower, lighthouse, minaret (m/mi) / tower / tower, lighthouse, minaret (m/mi) / tower"
mnyororo,chain (m/mi) / chain / chain (m/mi) / chain
moja kwa moja,straight ahead / straight on
msaidizi,"assitant, deputy / helper"
mshumaa,candle (m/mi) / candle / candle (m/mi) / candle
nafuu,"progress, improvement, growth (n/n) / improvement / progress, improvement, growth (n/n) / improvement / better"
nakala,copy (n/n) / copy / a copy / copy (n/n) / copy / a copy
kung'aa,"to glitter, shine (v. inf.) / to shine"
ngao,shield/s (n/n) / shield
njia panda,crossroads (n/n) / crossroads
nyasi,"grass, reed / grass"
kunyosha,"to straighten, stretch out (v. inf.) / to stretch out"
nyuki,bee
kuokoa,to save (v. inf.) / to save
kupaka,"to apply, spread upon (v. inf.) / to smear on"
pango,cave
kupanua,to expand (v. inf.) / to widen
kupinga,to object (v. inf.) / to obstruct
pwani,"beach, shore (n/n) / coast, beach / beach, shore (n/n) / coast, beach / coast"
radi,thunderclap / thunder
raha,"fun (n/n) / happiness, joy / fun (n/n) / happiness, joy / happiness"
ramani,"map, chart, blueprint (n/n) / map / map, chart, blueprint (n/n) / map"
sakafu,floor (n/n) / floor / floor (n/n) / floor
shaka,doubt
shimo,pit (ji/ma) / hole / pit (ji/ma) / hole / pit
kushugulika,to deal / to be busy
kusifu,to praise (v. inf.) / to praise
kusimulia,to narrate (v. inf.) / to narrate
stadi,"skillful, expert / expert"
taabu,"trouble (n/n) / trouble, distress / trouble (n/n) / trouble, distress / distress"
tamaa,a desire
kutambua,"to identify, recognize (v. inf.) / to recognise"
kutamka,to pronounce (v. inf.) / to pronounce
kutawala,"to administer, manage, govern (v. inf.) / to govern"
kutenda,to act (take action) (v. inf.) / to act
kutetemeka,to shake (v. inf.) (stative) / to tremble
thamani,value (n/n) / value (n.) / to value / value (n/n) / value (n.) / to value / value
uchawi,witchcraft (u/u ) / witchcraft / witchcraft (u/u ) / witchcraft
mchawi,witch / witchdoctor
uchi,nakedness
uharibifu,destruction / damage
ujuzi,"experience, expertise (u/u ) / knowledge / experience, expertise (u/u ) / knowledge"
kuvimba,to swell (v. inf.) / to swell
wivu,jealousy / jealous
kuzama,to sink (v. inf.) / to sink
kuzuru,to visit (v. inf.) / to visit
kuzimia,to faint (v. inf.) (applicative) / to faint
kufahamu,to be aware (v. inf.) / to be aware
papa,shark
kuchinja,to slaughter (animal) (v. inf.) / to slaughter
kusikitika,to regret (v. inf.) (stative) / to be sorry
mgogoro,obstacle / crisis
madini,mineral / minerals
taarifa,"record, notice, statement (n/n) / announcement, information / record, notice, statement (n/n) / announcement, information / information"
kukataa,to refuse (v. inf.) / to refuse
mhasibu,accountant
makaburi,graves (ji/ma) / cemetary
ila,except (prep.) / except / except (prep.) / except
barua,"letter/s (n/n) / letter, mail / letter/s (n/n) / letter, mail / letter"
bahasha,bundle (n/n) / envelope / bundle (n/n) / envelope
bandari,"harbor (n/n) / harbor, port / harbor (n/n) / harbor, port / harbour"
mapokezi,"reception (hotel etc., not radio)"
chungwa,orange (fruit) / orange
tumbili,monkey
panya,mouse (n/n) / rat / mouse (n/n) / rat / mouse
kifundo,knot / ankle
tunda,fruit (ji/ma) / fruit
nauli,"fare, charge (bus) (n/n) / fare(bus) / fare, charge (bus) (n/n) / fare(bus) / fare"
sanduku,"box, trunk (ji/ma) / box / box, trunk (ji/ma) / box"
nasibu,"chance, opportunity, luck / chance"
adui,enemy
kuahidi,to promise (v. inf.) / to promise
kuagiza,to order (place) (v. inf.) (causative) / to order
akili,intelligence (n/n) / intelligence / intelligence (n/n) / intelligence
arusi,wedding
birika,kettle
faida,advantage (n/n) / profit / advantage (n/n) / profit / opportunity
alama,"mark, sign (n/n) / mark, sign, symbol / mark, sign (n/n) / mark, sign, symbol / points"
hatua,step (foot) (n/n) / a step / step (foot) (n/n) / a step / step
kuingiza,to insert (v. inf.) (causative) / to score
kuvumilia,to persevere (v. inf.) / to endure
mjomba,uncle (m/wa) / maternal uncle / uncle (m/wa) / maternal uncle / uncle
shavu,cheek
kuzika,to bury (v. inf.) / to bury
kamwe,"never, by no means / never"
ninahitaji,I need ÃÂÃÂÃÂÃÂÃÂÃÂÃÂÃÂÃÂÃÂÃÂÃÂÃÂÃÂÃÂÃÂÃÂÃÂÃÂÃÂÃÂÃÂÃÂÃÂÃÂÃÂÃÂÃÂÃÂÃÂÃÂÃÂÃÂÃÂÃÂÃÂÃÂÃÂÃÂÃÂÃÂÃÂÃÂÃÂÃÂÃÂÃÂÃÂÃÂÃÂÃÂÃÂÃÂÃÂÃÂÃÂÃÂÃÂÃÂÃÂÃÂÃÂÃÂÃÂÃÂÃÂÃÂÃÂÃÂÃÂÃÂÃÂÃÂÃÂÃÂÃÂÃÂÃÂÃÂÃÂÃÂÃÂÃÂÃÂÃÂÃÂÃÂÃÂÃÂÃÂÃÂÃÂÃÂÃÂÃÂÃÂÃÂÃÂÃÂÃÂÃÂÃÂÃÂÃÂÃÂÃÂÃÂÃÂÃÂÃÂÃÂÃÂÃÂÃÂÃÂÃÂÃÂÃÂÃÂÃÂÃÂÃÂÃÂÃÂÃÂÃÂÃÂÃÂ
mtu / watu,person
nyama ya ng'ombe,beef
kutamani,to desire
suruali,"pants, trousers"
fulana,"tshirt, vest"
"kuzaa, kujifungua",to give birth
gani,"which, what kind of"
"~~ote (chochote, wowote, ã£â£ã¢â£ã£â¢ã¢â£ã£â£ã¢â¢ã£â¢ã¢â£ã£â£ã¢â£ã£â¢ã¢â¢ã£â£ã¢â¢ã£â¢ã¢â£ã£â£ã¢â£ã£â¢ã¢â£ã£â£ã¢â¢ã£â¢ã¢â¢ã£â£ã¢â£ã£â¢ã¢â¢ã£â£ã¢â¢ã£â¢ã¢â£ã£â£ã¢â£ã£â¢ã¢â£ã£â£ã¢â¢ã£â¢ã¢â£ã£â£ã¢â£ã£â¢ã¢â¢ã£â£ã¢â¢ã£â¢ã¢â¢ã£â£ã¢â£ã£â¢ã¢â£ã£â£ã¢â¢ã£â¢ã¢â¢ã£â£ã¢â£ã£â¢ã¢â¢ã£â£ã¢â¢ã£â¢ã¢â¢ã£â£ã¢â£ã£â¢ã¢â£ã£â£ã¢â¢ã£â¢ã¢â£ã£â£ã¢â£ã£â¢ã¢â¢ã£â£ã¢â¢ã£â¢ã¢â£ã£â£ã¢â£ã£â¢ã¢â£ã£â£ã¢â¢ã£â¢ã¢â¢ã£â£ã¢â£ã£â¢ã¢â¢ã£â£ã¢â¢ã£â¢ã¢â¢ã£â£ã¢â£ã£â¢ã¢â£ã£â£ã¢â¢ã£â¢ã¢â£ã£â£ã¢â£ã£â¢ã¢â¢ã£â£ã¢â¢ã£â¢ã¢â¢ã£â£ã¢â£ã£â¢ã¢â£ã£â£ã¢â¢ã£â¢ã¢â¢ã£â£ã¢â£ã£â¢ã¢â¢ã£â£ã¢â¢ã£â¢ã¢â)",any
yapi,which (Ji/Ma)
machweo,sunset
kuchemka,to boil (be boiled)
alasiri,afternoon
sahihi,"right, correct, authentic, signature"
kundi / makundi,group
kisiasa,political
kufiata,"to press, to squeeze"
~a ajabu,"strange, amazing, mysterious"
workers' union,chama cha wafanyakazi / vyama vya wafanyakazi
kuteka,"to plunder, to capture"
kuwania,"to compete, to bid"
kiumbe / viumbe,"creature, creation, being"
kupiga yowe,to shout
vurugu,"trouble, commotion, violence"
mlowezi / walowezi,settler
suala / masuala,"issue, matter"
"milki, miliki","possession, empire, kingdom"
supu,soup
vyombo vya habari,the media
mashambani,the countryside
kudhani,"to suppose, to imagine"
kupuuza,to ignore
bado vituo vingapi?,How many stations left?
ulingo,train platform
masafa,"distance, range"
"gundi, sherisi",glue
hatima,"end, after"
zaidi au pungufu,more or less
wacha bwana!,Come on!
kuugua,"to be ill, to fall ill"
kiakili,intellectual
kijamii,social
pasia,curtain
kiko wazi?,Is it open? (a thing)
pako wazi?,Is it open? (a place)
kimanda / vimanda,"omelette, stain on clothes"
kipimo cha chakula / vipimo vya vyakula,food portion
"maraba, jem",marmalade
kuziba,"to plug, to patch (puncture), to clog up"
kizibo / vizibo,"plug, cork, stopper"
~janja,"clever, cunning"
hasha lillah!,God forbid!
kinyaa / vinyaa,"disgust, filth, excrement (usually sg.)"
utapeli,ripoff
duka la mikate / maduka ya mikate,bakery
mwajiriwa mwenza / waajiriwa wenza,colleague
kuhisi,to feel
mjusi / mijusi,lizard
kitinda mimba / vitinda mimba,lastborn
kuzungumzia kuhusu ã£â£ã¢â£ã£â¢ã¢â£ã£â£ã¢â¢ã£â¢ã¢â£ã£â£ã¢â£ã£â¢ã¢â¢ã£â£ã¢â¢ã£â¢ã¢â£ã£â£ã¢â£ã£â¢ã¢â£ã£â£ã¢â¢ã£â¢ã¢â¢ã£â£ã¢â£ã£â¢ã¢â¢ã£â£ã¢â¢ã£â¢ã¢â£ã£â£ã¢â£ã£â¢ã¢â£ã£â£ã¢â¢ã£â¢ã¢â£ã£â£ã¢â£ã£â¢ã¢â¢ã£â£ã¢â¢ã£â¢ã¢â¢ã£â£ã¢â£ã£â¢ã¢â£ã£â£ã¢â¢ã£â¢ã¢â¢ã£â£ã¢â£ã£â¢ã¢â¢ã£â£ã¢â¢ã£â¢ã¢â¢ã£â£ã¢â£ã£â¢ã¢â£ã£â£ã¢â¢ã£â¢ã¢â£ã£â£ã¢â£ã£â¢ã¢â¢ã£â£ã¢â¢ã£â¢ã¢â£ã£â£ã¢â£ã£â¢ã¢â£ã£â£ã¢â¢ã£â¢ã¢â¢ã£â£ã¢â£ã£â¢ã¢â¢ã£â£ã¢â¢ã£â¢ã¢â¢ã£â£ã¢â£ã£â¢ã¢â£ã£â£ã¢â¢ã£â¢ã¢â£ã£â£ã¢â£ã£â¢ã¢â¢ã£â£ã¢â¢ã£â¢ã¢â¢ã£â£ã¢â£ã£â¢ã¢â£ã£â£ã¢â¢ã£â¢ã¢â¢ã£â£ã¢â£ã£â¢ã¢â¢ã£â£ã¢â¢ã£â¢ã¢â,to speak about ÃÂÃÂÃÂÃÂÃÂÃÂÃÂÃÂÃÂÃÂÃÂÃÂÃÂÃÂÃÂÃÂÃÂÃÂÃÂÃÂÃÂÃÂÃÂÃÂÃÂÃÂÃÂÃÂÃÂÃÂÃÂÃÂÃÂÃÂÃÂÃÂÃÂÃÂÃÂÃÂÃÂÃÂÃÂÃÂÃÂÃÂÃÂÃÂÃÂÃÂÃÂÃÂÃÂÃÂÃÂÃÂÃÂÃÂÃÂÃÂÃÂÃÂÃÂÃÂÃÂÃÂÃÂÃÂÃÂÃÂÃÂÃÂÃÂÃÂÃÂÃÂÃÂÃÂÃÂÃÂÃÂÃÂÃÂÃÂÃÂÃÂÃÂÃÂÃÂÃÂÃÂÃÂÃÂÃÂÃÂÃÂÃÂÃÂÃÂÃÂÃÂÃÂÃÂÃÂÃÂÃÂÃÂÃÂÃÂÃÂÃÂÃÂÃÂÃÂÃÂÃÂÃÂÃÂÃÂÃÂÃÂÃÂÃÂÃÂÃÂÃÂÃÂÃÂ
kuinua mada,to raise a topic
kukasirisha,to make angry
mtandao pepe binafsi,virtual private network
tiketi zimeisha.,The tickets are sold out.
kuhamia,to move to (house or general movement)
kukwama,"to be stranded, to be stuck, to be gripped"
ziara ya basi,bus trip
hosteli,hostel
kuruka kwa parachuti,parachuting
kupiga kinanda,to play the piano
usijishushe hivyo!,Don't be modest!
kushusha,"to bring down, to discharge, to disembark"
kumbukumbu,a (specific) memory
bufee,buffet
jambo la kushtukiza / mambo ya kushtukiza,a surprise
inayovunjo moyo,disappointing
mchango / michango,"donation, contribution, recruitment"
mshipa / mishipa,"vein, blood vessel"
msitu wa mvua / misitu ya mvua,rainforest
begi la mgongoni / begi ya mgongoni,backpack
kuthubutu,"to dare, to venture"
kuthubutisha,to encourage
kuchemsha,to boil (something)
niliwaza,it occurred to me
yote yakizingatiwa ã£â£ã¢â£ã£â¢ã¢â£ã£â£ã¢â¢ã£â¢ã¢â£ã£â£ã¢â£ã£â¢ã¢â¢ã£â£ã¢â¢ã£â¢ã¢â£ã£â£ã¢â£ã£â¢ã¢â£ã£â£ã¢â¢ã£â¢ã¢â¢ã£â£ã¢â£ã£â¢ã¢â¢ã£â£ã¢â¢ã£â¢ã¢â£ã£â£ã¢â£ã£â¢ã¢â£ã£â£ã¢â¢ã£â¢ã¢â£ã£â£ã¢â£ã£â¢ã¢â¢ã£â£ã¢â¢ã£â¢ã¢â¢ã£â£ã¢â£ã£â¢ã¢â£ã£â£ã¢â¢ã£â¢ã¢â¢ã£â£ã¢â£ã£â¢ã¢â¢ã£â£ã¢â¢ã£â¢ã¢â¢ã£â£ã¢â£ã£â¢ã¢â£ã£â£ã¢â¢ã£â¢ã¢â£ã£â£ã¢â£ã£â¢ã¢â¢ã£â£ã¢â¢ã£â¢ã¢â£ã£â£ã¢â£ã£â¢ã¢â£ã£â£ã¢â¢ã£â¢ã¢â¢ã£â£ã¢â£ã£â¢ã¢â¢ã£â£ã¢â¢ã£â¢ã¢â¢ã£â£ã¢â£ã£â¢ã¢â£ã£â£ã¢â¢ã£â¢ã¢â£ã£â£ã¢â£ã£â¢ã¢â¢ã£â£ã¢â¢ã£â¢ã¢â¢ã£â£ã¢â£ã£â¢ã¢â£ã£â£ã¢â¢ã£â¢ã¢â¢ã£â£ã¢â£ã£â¢ã¢â¢ã£â£ã¢â¢ã£â¢ã¢â,All things considered ÃÂÃÂÃÂÃÂÃÂÃÂÃÂÃÂÃÂÃÂÃÂÃÂÃÂÃÂÃÂÃÂÃÂÃÂÃÂÃÂÃÂÃÂÃÂÃÂÃÂÃÂÃÂÃÂÃÂÃÂÃÂÃÂÃÂÃÂÃÂÃÂÃÂÃÂÃÂÃÂÃÂÃÂÃÂÃÂÃÂÃÂÃÂÃÂÃÂÃÂÃÂÃÂÃÂÃÂÃÂÃÂÃÂÃÂÃÂÃÂÃÂÃÂÃÂÃÂÃÂÃÂÃÂÃÂÃÂÃÂÃÂÃÂÃÂÃÂÃÂÃÂÃÂÃÂÃÂÃÂÃÂÃÂÃÂÃÂÃÂÃÂÃÂÃÂÃÂÃÂÃÂÃÂÃÂÃÂÃÂÃÂÃÂÃÂÃÂÃÂÃÂÃÂÃÂÃÂÃÂÃÂÃÂÃÂÃÂÃÂÃÂÃÂÃÂÃÂÃÂÃÂÃÂÃÂÃÂÃÂÃÂÃÂÃÂÃÂÃÂÃÂÃÂÃÂ
kushua,"to let down, to launch a boat"
kuhusika,"to be responsible for, to take responsibility"
ugiriki,Greece
kunyoosha,to stretch
"spana, supana","wrench, spanner"
kufurika,to overflow
kung'arisha,"to polish, to shine"
hapa,here
kwanini,why
unakataa,you refuse
haikuwa,it wasn't
tu,only
tulipokutana,when we met
luiza,ask
silvã£â£ã¢â£ã£â¢ã¢â£ã£â£ã¢â¢ã£â¢ã¢â£ã£â£ã¢â£ã£â¢ã¢â¢ã£â£ã¢â¢ã£â¢ã¢â£ã£â£ã¢â£ã£â¢ã¢â£ã£â£ã¢â¢ã£â¢ã¢â¢ã£â£ã¢â£ã£â¢ã¢â¢ã£â£ã¢â¢ã£â¢ã¢â£ã£â£ã¢â£ã£â¢ã¢â£ã£â£ã¢â¢ã£â¢ã¢â£ã£â£ã¢â£ã£â¢ã¢â¢ã£â£ã¢â¢ã£â¢ã¢â¢ã£â£ã¢â£ã£â¢ã¢â£ã£â£ã¢â¢ã£â¢ã¢â¢ã£â£ã¢â£ã£â¢ã¢â¢ã£â£ã¢â¢ã£â¢ã¢â£ã£â£ã¢â£ã£â¢ã¢â£ã£â£ã¢â¢ã£â¢ã¢â£ã£â£ã¢â£ã£â¢ã¢â¢ã£â£ã¢â¢ã£â¢ã¢â£ã£â£ã¢â£ã£â¢ã¢â£ã£â£ã¢â¢ã£â¢ã¢â¢ã£â£ã¢â£ã£â¢ã¢â¢ã£â£ã¢â¢ã£â¢ã¢â¢ã£â£ã¢â£ã£â¢ã¢â£ã£â£ã¢â¢ã£â¢ã¢â£ã£â£ã¢â£ã£â¢ã¢â¢ã£â£ã¢â¢ã£â¢ã¢â¢ã£â£ã¢â£ã£â¢ã¢â£ã£â£ã¢â¢ã£â¢ã¢â¢ã£â£ã¢â£ã£â¢ã¢â¢ã£â£ã¢â¢ã£â¢ã¢â©rio,silvÃÂÃÂÃÂÃÂÃÂÃÂÃÂÃÂÃÂÃÂÃÂÃÂÃÂÃÂÃÂÃÂÃÂÃÂÃÂÃÂÃÂÃÂÃÂÃÂÃÂÃÂÃÂÃÂÃÂÃÂÃÂÃÂÃÂÃÂÃÂÃÂÃÂÃÂÃÂÃÂÃÂÃÂÃÂÃÂÃÂÃÂÃÂÃÂÃÂÃÂÃÂÃÂÃÂÃÂÃÂÃÂÃÂÃÂÃÂÃÂÃÂÃÂÃÂÃÂÃÂÃÂÃÂÃÂÃÂÃÂÃÂÃÂÃÂÃÂÃÂÃÂÃÂÃÂÃÂÃÂÃÂÃÂÃÂÃÂÃÂÃÂÃÂÃÂÃÂÃÂÃÂÃÂÃÂÃÂÃÂÃÂÃÂÃÂÃÂÃÂÃÂÃÂÃÂÃÂÃÂÃÂÃÂÃÂÃÂÃÂÃÂÃÂÃÂÃÂÃÂÃÂÃÂÃÂÃÂÃÂÃÂÃÂÃÂÃÂÃÂÃÂÃÂÃÂ©rio
alipokutana,when he met
kwa,for
ya,of
kwanza,first
na,and
angekuwa,he would be
nyumba,house
watawa,monks
walikoingia,where they entered
wakiwa,being
19,19
kama,like
"walichukiana.

sasa","they hated each other.

now"
wameoana,they are married
francã£â£ã¢â£ã£â¢ã¢â£ã£â£ã¢â¢ã£â¢ã¢â£ã£â£ã¢â£ã£â¢ã¢â¢ã£â£ã¢â¢ã£â¢ã¢â£ã£â£ã¢â£ã£â¢ã¢â£ã£â£ã¢â¢ã£â¢ã¢â¢ã£â£ã¢â£ã£â¢ã¢â¢ã£â£ã¢â¢ã£â¢ã¢â£ã£â£ã¢â£ã£â¢ã¢â£ã£â£ã¢â¢ã£â¢ã¢â£ã£â£ã¢â£ã£â¢ã¢â¢ã£â£ã¢â¢ã£â¢ã¢â¢ã£â£ã¢â£ã£â¢ã¢â£ã£â£ã¢â¢ã£â¢ã¢â¢ã£â£ã¢â£ã£â¢ã¢â¢ã£â£ã¢â¢ã£â¢ã¢â£ã£â£ã¢â£ã£â¢ã¢â£ã£â£ã¢â¢ã£â¢ã¢â£ã£â£ã¢â£ã£â¢ã¢â¢ã£â£ã¢â¢ã£â¢ã¢â£ã£â£ã¢â£ã£â¢ã¢â£ã£â£ã¢â¢ã£â¢ã¢â¢ã£â£ã¢â£ã£â¢ã¢â¢ã£â£ã¢â¢ã£â¢ã¢â¢ã£â£ã¢â£ã£â¢ã¢â£ã£â£ã¢â¢ã£â¢ã¢â£ã£â£ã¢â£ã£â¢ã¢â¢ã£â£ã¢â¢ã£â¢ã¢â¢ã£â£ã¢â£ã£â¢ã¢â£ã£â£ã¢â¢ã£â¢ã¢â¢ã£â£ã¢â£ã£â¢ã¢â¢ã£â£ã¢â¢ã£â¢ã¢â­lia,FrancÃÂÃÂÃÂÃÂÃÂÃÂÃÂÃÂÃÂÃÂÃÂÃÂÃÂÃÂÃÂÃÂÃÂÃÂÃÂÃÂÃÂÃÂÃÂÃÂÃÂÃÂÃÂÃÂÃÂÃÂÃÂÃÂÃÂÃÂÃÂÃÂÃÂÃÂÃÂÃÂÃÂÃÂÃÂÃÂÃÂÃÂÃÂÃÂÃÂÃÂÃÂÃÂÃÂÃÂÃÂÃÂÃÂÃÂÃÂÃÂÃÂÃÂÃÂÃÂÃÂÃÂÃÂÃÂÃÂÃÂÃÂÃÂÃÂÃÂÃÂÃÂÃÂÃÂÃÂÃÂÃÂÃÂÃÂÃÂÃÂÃÂÃÂÃÂÃÂÃÂÃÂÃÂÃÂÃÂÃÂÃÂÃÂÃÂÃÂÃÂÃÂÃÂÃÂÃÂÃÂÃÂÃÂÃÂÃÂÃÂÃÂÃÂÃÂÃÂÃÂÃÂÃÂÃÂÃÂÃÂÃÂÃÂÃÂÃÂÃÂÃÂÃÂÃÂ­lia
costa,costa
anaendelea,he continues
kuzungumzia,talk about
simulizi,narrative
hiyo,that
akiiambia,telling it
bbc,bbc
news,news
brazil,Brazil
nilikuwa,i was
nikimfikiria,thinking of him
vivyo,the same
jamani,man
inawezekanaje,how is it possible
awe,let him be
"hicho?""

francã£â£ã¢â£ã£â¢ã¢â£ã£â£ã¢â¢ã£â¢ã¢â£ã£â£ã¢â£ã£â¢ã¢â¢ã£â£ã¢â¢ã£â¢ã¢â£ã£â£ã¢â£ã£â¢ã¢â£ã£â£ã¢â¢ã£â¢ã¢â¢ã£â£ã¢â£ã£â¢ã¢â¢ã£â£ã¢â¢ã£â¢ã¢â£ã£â£ã¢â£ã£â¢ã¢â£ã£â£ã¢â¢ã£â¢ã¢â£ã£â£ã¢â£ã£â¢ã¢â¢ã£â£ã¢â¢ã£â¢ã¢â¢ã£â£ã¢â£ã£â¢ã¢â£ã£â£ã¢â¢ã£â¢ã¢â¢ã£â£ã¢â£ã£â¢ã¢â¢ã£â£ã¢â¢ã£â¢ã¢â£ã£â£ã¢â£ã£â¢ã¢â£ã£â£ã¢â¢ã£â¢ã¢â£ã£â£ã¢â£ã£â¢ã¢â¢ã£â£ã¢â¢ã£â¢ã¢â£ã£â£ã¢â£ã£â¢ã¢â£ã£â£ã¢â¢ã£â¢ã¢â¢ã£â£ã¢â£ã£â¢ã¢â¢ã£â£ã¢â¢ã£â¢ã¢â¢ã£â£ã¢â£ã£â¢ã¢â£ã£â£ã¢â¢ã£â¢ã¢â£ã£â£ã¢â£ã£â¢ã¢â¢ã£â£ã¢â¢ã£â¢ã¢â¢ã£â£ã¢â£ã£â¢ã¢â£ã£â£ã¢â¢ã£â¢ã¢â¢ã£â£ã¢â£ã£â¢ã¢â¢ã£â£ã¢â¢ã£â¢ã¢â­lia","that?""

FrancÃÂÃÂÃÂÃÂÃÂÃÂÃÂÃÂÃÂÃÂÃÂÃÂÃÂÃÂÃÂÃÂÃÂÃÂÃÂÃÂÃÂÃÂÃÂÃÂÃÂÃÂÃÂÃÂÃÂÃÂÃÂÃÂÃÂÃÂÃÂÃÂÃÂÃÂÃÂÃÂÃÂÃÂÃÂÃÂÃÂÃÂÃÂÃÂÃÂÃÂÃÂÃÂÃÂÃÂÃÂÃÂÃÂÃÂÃÂÃÂÃÂÃÂÃÂÃÂÃÂÃÂÃÂÃÂÃÂÃÂÃÂÃÂÃÂÃÂÃÂÃÂÃÂÃÂÃÂÃÂÃÂÃÂÃÂÃÂÃÂÃÂÃÂÃÂÃÂÃÂÃÂÃÂÃÂÃÂÃÂÃÂÃÂÃÂÃÂÃÂÃÂÃÂÃÂÃÂÃÂÃÂÃÂÃÂÃÂÃÂÃÂÃÂÃÂÃÂÃÂÃÂÃÂÃÂÃÂÃÂÃÂÃÂÃÂÃÂÃÂÃÂÃÂÃÂ­lia"
ameishi,he has lived
mitano,five
alipojiunga,when he joined
nao,with them
iliyopita,ago
ameweka,has placed
nadhiri,a vow
za,of
umiliki,ownership
kibinafsi,personally
zote,all of them
ni,it is
iliyotolewa,provided
ndani,inside
utiifu,obedience
akisomea,studying
shahada,degree
"teolojia.

akiwa","theology.

being"
amelelewa,he has been brought up
babu,grandfather
bibi,lady
yake,his
waliokuwa,who were
waumini,Believers
lenye,containing
la,no
piaui,I will kill you
kaskazini-mashariki,north-east
alihisi,he felt
maisha,life
yalikuwa,were
wito,call
"kwake.

kisha","to him.

then"
akawasili,he arrived
akiwa,being
hajaridhishwa,he is not satisfied
aliouhisi,he felt it
huko,there
minas,mines
gerais,gerais
kusini-mashariki,south-east
pia,too
kikamilifu,perfectly
kidini,religious
silvã£â£ã¢â£ã£â¢ã¢â£ã£â£ã¢â¢ã£â¢ã¢â£ã£â£ã¢â£ã£â¢ã¢â¢ã£â£ã¢â¢ã£â¢ã¢â£ã£â£ã¢â£ã£â¢ã¢â£ã£â£ã¢â¢ã£â¢ã¢â¢ã£â£ã¢â£ã£â¢ã¢â¢ã£â£ã¢â¢ã£â¢ã¢â£ã£â£ã¢â£ã£â¢ã¢â£ã£â£ã¢â¢ã£â¢ã¢â£ã£â£ã¢â£ã£â¢ã¢â¢ã£â£ã¢â¢ã£â¢ã¢â¢ã£â£ã¢â£ã£â¢ã¢â£ã£â£ã¢â¢ã£â¢ã¢â¢ã£â£ã¢â£ã£â¢ã¢â¢ã£â£ã¢â¢ã£â¢ã¢â©rio,silvÃÂÃÂÃÂÃÂÃÂÃÂÃÂÃÂÃÂÃÂÃÂÃÂÃÂÃÂÃÂÃÂÃÂÃÂÃÂÃÂÃÂÃÂÃÂÃÂÃÂÃÂÃÂÃÂÃÂÃÂÃÂÃÂÃÂÃÂÃÂÃÂÃÂÃÂÃÂÃÂÃÂÃÂÃÂÃÂÃÂÃÂÃÂÃÂÃÂÃÂÃÂÃÂÃÂÃÂÃÂÃÂÃÂÃÂÃÂÃÂÃÂÃÂÃÂÃÂ©rio
francã£â£ã¢â£ã£â¢ã¢â£ã£â£ã¢â¢ã£â¢ã¢â£ã£â£ã¢â£ã£â¢ã¢â¢ã£â£ã¢â¢ã£â¢ã¢â£ã£â£ã¢â£ã£â¢ã¢â£ã£â£ã¢â¢ã£â¢ã¢â¢ã£â£ã¢â£ã£â¢ã¢â¢ã£â£ã¢â¢ã£â¢ã¢â£ã£â£ã¢â£ã£â¢ã¢â£ã£â£ã¢â¢ã£â¢ã¢â£ã£â£ã¢â£ã£â¢ã¢â¢ã£â£ã¢â¢ã£â¢ã¢â¢ã£â£ã¢â£ã£â¢ã¢â£ã£â£ã¢â¢ã£â¢ã¢â¢ã£â£ã¢â£ã£â¢ã¢â¢ã£â£ã¢â¢ã£â¢ã¢â­lia,FrancÃÂÃÂÃÂÃÂÃÂÃÂÃÂÃÂÃÂÃÂÃÂÃÂÃÂÃÂÃÂÃÂÃÂÃÂÃÂÃÂÃÂÃÂÃÂÃÂÃÂÃÂÃÂÃÂÃÂÃÂÃÂÃÂÃÂÃÂÃÂÃÂÃÂÃÂÃÂÃÂÃÂÃÂÃÂÃÂÃÂÃÂÃÂÃÂÃÂÃÂÃÂÃÂÃÂÃÂÃÂÃÂÃÂÃÂÃÂÃÂÃÂÃÂÃÂÃÂ­lia
"hicho?""

francã£â£ã¢â£ã£â¢ã¢â£ã£â£ã¢â¢ã£â¢ã¢â£ã£â£ã¢â£ã£â¢ã¢â¢ã£â£ã¢â¢ã£â¢ã¢â£ã£â£ã¢â£ã£â¢ã¢â£ã£â£ã¢â¢ã£â¢ã¢â¢ã£â£ã¢â£ã£â¢ã¢â¢ã£â£ã¢â¢ã£â¢ã¢â£ã£â£ã¢â£ã£â¢ã¢â£ã£â£ã¢â¢ã£â¢ã¢â£ã£â£ã¢â£ã£â¢ã¢â¢ã£â£ã¢â¢ã£â¢ã¢â¢ã£â£ã¢â£ã£â¢ã¢â£ã£â£ã¢â¢ã£â¢ã¢â¢ã£â£ã¢â£ã£â¢ã¢â¢ã£â£ã¢â¢ã£â¢ã¢â­lia","that?""

FrancÃÂÃÂÃÂÃÂÃÂÃÂÃÂÃÂÃÂÃÂÃÂÃÂÃÂÃÂÃÂÃÂÃÂÃÂÃÂÃÂÃÂÃÂÃÂÃÂÃÂÃÂÃÂÃÂÃÂÃÂÃÂÃÂÃÂÃÂÃÂÃÂÃÂÃÂÃÂÃÂÃÂÃÂÃÂÃÂÃÂÃÂÃÂÃÂÃÂÃÂÃÂÃÂÃÂÃÂÃÂÃÂÃÂÃÂÃÂÃÂÃÂÃÂÃÂÃÂ­lia"
"hicho?""

francã£â£ã¢â£ã£â¢ã¢â£ã£â£ã¢â¢ã£â¢ã¢â£ã£â£ã¢â£ã£â¢ã¢â¢ã£â£ã¢â¢ã£â¢ã¢â£ã£â£ã¢â£ã£â¢ã¢â£ã£â£ã¢â¢ã£â¢ã¢â¢ã£â£ã¢â£ã£â¢ã¢â¢ã£â£ã¢â¢ã£â¢ã¢â­lia","that?""

FrancÃÂÃÂÃÂÃÂÃÂÃÂÃÂÃÂÃÂÃÂÃÂÃÂÃÂÃÂÃÂÃÂÃÂÃÂÃÂÃÂÃÂÃÂÃÂÃÂÃÂÃÂÃÂÃÂÃÂÃÂÃÂÃÂ­lia"
wam,wam
walichukiana,they hated each other
sasa,now
silvã£â£ã¢â£ã£â¢ã¢â£ã£â£ã¢â¢ã£â¢ã¢â©rio,silvÃÂÃÂÃÂÃÂÃÂÃÂÃÂÃÂ©rio
francã£â£ã¢â£ã£â¢ã¢â£ã£â£ã¢â¢ã£â¢ã¢â­lia,FrancÃÂÃÂÃÂÃÂÃÂÃÂÃÂÃÂ­lia
hicho,that
teolojia,theology
kwake,to him
kisha,then
walinzi,guards
mapinduzi,revolution
irgc,irgc
linasema,it says
iliyokuwa,which was
kusini,the south
mlango-bahari,estuary
habari,information
ilionya,it warned
zinazokiuka,that violate
hormuz,Hormuz
haitakuwa,it won't be
tofauti,difference
hii,this
ikijaribu,telugu
ilishika,krishnan
baada,POST
makombora,missiles
miwili,two
baharini,Hold on to it
iliyochapishwa,published
test,test
mondo_add_test,mondo_add_test
ninakimbia,i am running
wanaishi,they live
wanandoa,couple
changamoto,challenge
yao,theirs
kuishi,to live
kuifuata,to follow it
kuondoka,leave
kabla,before
harusi,wedding
mnamo,on
2025,2025
francisko,Francisco
aliyekuwa,who was
roma,Rome
aliruhusu,he allowed
mapadri,priests
kuwabariki,to bless them
jinsia,gender
moja,one
hali,situation
ambazo,which
halikutambua,did not realize
masharti,conditions
